{"type":"FeatureCollection","features":[{"type":"Feature","properties":{"adcode":"510703","name":"涪城区","level":"district","center":[104.756917,31.455192],"site":"https://geojson.hxkj.vip"},"geometry":{"type":"MultiPolygon","coordinates":[[[[104.71585,31.60764],[104.71458,31.60526],[104.71364,31.60263],[104.71273,31.60131],[104.71184,31.6004],[104.71071,31.59951],[104.70759,31.59855],[104.70481,31.59738],[104.70344,31.59631],[104.70301,31.59534],[104.70335,31.58965],[104.70589,31.58377],[104.70761,31.57894],[104.71092,31.57127],[104.71377,31.56625],[104.71504,31.56317],[104.7166,31.55833],[104.71668,31.55686],[104.71575,31.55155],[104.71314,31.54447],[104.71291,31.54258],[104.71312,31.54022],[104.71554,31.53571],[104.71615,31.53432],[104.71615,31.53344],[104.71494,31.53152],[104.71354,31.52884],[104.7127,31.52793],[104.70905,31.52589],[104.70674,31.52366],[104.70628,31.52259],[104.70625,31.52184],[104.70652,31.52101],[104.70751,31.52052],[104.71041,31.52025],[104.71364,31.51952],[104.72352,31.51624],[104.73486,31.513],[104.74015,31.50976],[104.7429,31.50772],[104.74385,31.50627],[104.74414,31.50546],[104.74432,31.50466],[104.74437,31.50275],[104.74487,31.50105],[104.74645,31.49734],[104.7469,31.49588],[104.7476,31.49283],[104.74861,31.48951],[104.74929,31.48623],[104.75021,31.48432],[104.75112,31.48339],[104.75173,31.48232],[104.75226,31.48086],[104.75252,31.47781],[104.75238,31.4766],[104.75201,31.47531],[104.75201,31.47432],[104.75223,31.47325],[104.75385,31.46911],[104.75464,31.46772],[104.75714,31.46421],[104.75938,31.46178],[104.7615,31.46044],[104.76743,31.45753],[104.77385,31.45924],[104.77514,31.45924],[104.78033,31.45824],[104.78234,31.45768],[104.7861,31.45708],[104.78827,31.4563],[104.78887,31.45537],[104.78989,31.45134],[104.79109,31.43986],[104.79096,31.43818],[104.78668,31.4322],[104.78394,31.42892],[104.78347,31.42789],[104.78325,31.42635],[104.78358,31.42381],[104.78434,31.42234],[104.78599,31.4209],[104.78762,31.42039],[104.79338,31.41976],[104.79778,31.41764],[104.79913,31.41627],[104.8011,31.41291],[104.80586,31.40901],[104.8082,31.40649],[104.81231,31.40385],[104.81401,31.40361],[104.81565,31.40272],[104.81736,31.40117],[104.8178,31.39999],[104.81775,31.39853],[104.81736,31.39647],[104.81649,31.3937],[104.81537,31.39152],[104.81406,31.38744],[104.8131,31.38552],[104.81262,31.38375],[104.81238,31.38179],[104.81322,31.37662],[104.81295,31.37429],[104.81298,31.37013],[104.81345,31.36734],[104.81473,31.36425],[104.81506,31.36301],[104.81627,31.36163],[104.81808,31.36042],[104.82619,31.35583],[104.82897,31.35452],[104.83125,31.35408],[104.83686,31.35437],[104.8389,31.35413],[104.84112,31.35354],[104.84455,31.35126],[104.84462,31.35028],[104.84572,31.34953],[104.8462,31.3487],[104.84636,31.34788],[104.84588,31.34651],[104.84189,31.34073],[104.84062,31.33771],[104.83822,31.33551],[104.83375,31.3318],[104.8318,31.33079],[104.82948,31.33139],[104.82851,31.33228],[104.82631,31.3327],[104.82439,31.33242],[104.82295,31.33146],[104.82311,31.32967],[104.82456,31.32569],[104.82408,31.32459],[104.82281,31.32362],[104.82073,31.32225],[104.81753,31.32115],[104.81613,31.3212],[104.81519,31.32073],[104.80846,31.32093],[104.80712,31.3198],[104.80637,31.31878],[104.80394,31.31316],[104.80188,31.31167],[104.8002,31.31151],[104.79946,31.31084],[104.79952,31.31048],[104.80057,31.3087],[104.80254,31.30598],[104.80364,31.30401],[104.80373,31.30155],[104.80228,31.30145],[104.79794,31.3018],[104.79482,31.30252],[104.79321,31.30259],[104.7898,31.30125],[104.78765,31.29984],[104.78423,31.29868],[104.78201,31.29733],[104.77985,31.29535],[104.7779,31.29411],[104.77515,31.29293],[104.76813,31.29192],[104.76312,31.29157],[104.76045,31.29108],[104.75428,31.28954],[104.75119,31.28842],[104.74752,31.2876],[104.74442,31.28671],[104.73986,31.28446],[104.73729,31.28276],[104.73578,31.28119],[104.73237,31.28126],[104.73156,31.28114],[104.73022,31.28046],[104.72874,31.27881],[104.72651,31.27423],[104.72577,31.27234],[104.72489,31.27137],[104.72376,31.27109],[104.72296,31.27115],[104.72122,31.2719],[104.72062,31.27236],[104.71955,31.27368],[104.71849,31.27454],[104.71742,31.27496],[104.71649,31.27473],[104.71583,31.2731],[104.71487,31.2719],[104.71292,31.27118],[104.71151,31.27039],[104.71031,31.27051],[104.7049,31.27201],[104.6993,31.27409],[104.69723,31.27427],[104.69648,31.27359],[104.69519,31.27004],[104.69398,31.26844],[104.68648,31.2676],[104.67745,31.26688],[104.67591,31.26734],[104.67538,31.26849],[104.67621,31.27301],[104.67481,31.27537],[104.67383,31.2776],[104.67305,31.28145],[104.67265,31.28237],[104.67132,31.2842],[104.66946,31.28587],[104.66854,31.28754],[104.66942,31.29011],[104.67144,31.29217],[104.67298,31.29457],[104.67279,31.29687],[104.67087,31.29996],[104.66887,31.301],[104.66607,31.30313],[104.66435,31.30635],[104.66268,31.30825],[104.66021,31.30963],[104.65822,31.31112],[104.65762,31.31192],[104.65722,31.3145],[104.65743,31.31559],[104.65913,31.32046],[104.65928,31.32218],[104.65909,31.32413],[104.65883,31.32631],[104.65784,31.32888],[104.65684,31.33113],[104.65552,31.33262],[104.65465,31.33319],[104.65285,31.33331],[104.64613,31.33527],[104.64496,31.3354],[104.63988,31.33685],[104.63741,31.33795],[104.6295,31.33987],[104.62735,31.34066],[104.61813,31.34282],[104.6173,31.34315],[104.61428,31.345],[104.61335,31.3453],[104.61259,31.34579],[104.60986,31.3484],[104.60563,31.3515],[104.60298,31.35175],[104.59991,31.35228],[104.59657,31.35321],[104.58997,31.35541],[104.58731,31.35686],[104.58619,31.35767],[104.58533,31.35927],[104.58412,31.36247],[104.58411,31.36495],[104.58451,31.36604],[104.59002,31.37423],[104.59052,31.37569],[104.59,31.37832],[104.58915,31.3799],[104.58882,31.38104],[104.58835,31.38196],[104.58677,31.38437],[104.58524,31.38736],[104.58477,31.38856],[104.58407,31.39131],[104.58361,31.39658],[104.5838,31.3977],[104.58448,31.39858],[104.58523,31.40033],[104.58531,31.40142],[104.58505,31.40251],[104.58368,31.40506],[104.58283,31.40608],[104.58188,31.4071],[104.58078,31.40783],[104.57958,31.40834],[104.57788,31.40862],[104.57593,31.4084],[104.57392,31.40856],[104.56864,31.4083],[104.56565,31.40894],[104.56485,31.40941],[104.56372,31.41154],[104.56331,31.41476],[104.56261,31.41659],[104.56175,31.41842],[104.55968,31.42054],[104.55688,31.42235],[104.55493,31.42308],[104.55365,31.42304],[104.55285,31.4232],[104.54935,31.42462],[104.54619,31.42545],[104.54421,31.42662],[104.54097,31.42985],[104.5376,31.43507],[104.53595,31.43695],[104.53417,31.43842],[104.53214,31.4397],[104.52985,31.44059],[104.5247,31.44198],[104.52365,31.4426],[104.52025,31.44412],[104.51854,31.44609],[104.51532,31.45059],[104.50941,31.45295],[104.50688,31.45446],[104.50551,31.45688],[104.5042,31.45793],[104.50268,31.45826],[104.50241,31.45875],[104.50151,31.46203],[104.5012,31.46426],[104.50081,31.46576],[104.50097,31.46805],[104.50131,31.46842],[104.50169,31.46862],[104.50368,31.46862],[104.50422,31.46888],[104.50437,31.46954],[104.50398,31.47066],[104.50282,31.47276],[104.50212,31.47342],[104.50059,31.47415],[104.49791,31.47513],[104.49607,31.47612],[104.49468,31.4771],[104.49294,31.47974],[104.49222,31.48054],[104.49,31.48474],[104.49,31.48508],[104.4901,31.48546],[104.49037,31.48564],[104.49202,31.48599],[104.49233,31.48619],[104.49246,31.48649],[104.49236,31.48715],[104.49212,31.48733],[104.49117,31.4875],[104.49022,31.4875],[104.48897,31.48718],[104.48799,31.48674],[104.4859,31.48514],[104.48536,31.48496],[104.48312,31.48499],[104.48231,31.48513],[104.48064,31.48598],[104.47774,31.48803],[104.47562,31.48855],[104.4741,31.48971],[104.47401,31.4901],[104.47607,31.49142],[104.47615,31.49208],[104.47576,31.49333],[104.47537,31.49399],[104.47553,31.49444],[104.47632,31.49521],[104.47659,31.49713],[104.4774,31.49867],[104.47929,31.50048],[104.48021,31.50222],[104.47992,31.50374],[104.48047,31.50551],[104.48168,31.50556],[104.48273,31.50457],[104.48392,31.50307],[104.48458,31.50266],[104.48651,31.50189],[104.4879,31.50171],[104.48957,31.50238],[104.49213,31.5043],[104.49394,31.50588],[104.49588,31.50673],[104.49801,31.50664],[104.49994,31.50587],[104.50134,31.50506],[104.50556,31.50118],[104.51097,31.49567],[104.51116,31.49527],[104.51114,31.49378],[104.51027,31.49259],[104.50966,31.49099],[104.51103,31.48839],[104.51248,31.48672],[104.51474,31.48566],[104.51773,31.48512],[104.52006,31.48497],[104.52431,31.48362],[104.52624,31.48152],[104.52707,31.48003],[104.52912,31.47795],[104.53218,31.47653],[104.53584,31.47575],[104.53976,31.47566],[104.54364,31.47625],[104.54767,31.47907],[104.55057,31.48184],[104.55124,31.48224],[104.55332,31.48279],[104.55765,31.48206],[104.56191,31.48081],[104.56728,31.4779],[104.57312,31.47412],[104.57744,31.47178],[104.57957,31.47148],[104.58165,31.47214],[104.58273,31.47282],[104.58387,31.47396],[104.58646,31.4776],[104.59197,31.48769],[104.59354,31.48957],[104.5961,31.49195],[104.59977,31.49714],[104.60362,31.50089],[104.60767,31.5032],[104.61258,31.50546],[104.61635,31.50794],[104.62307,31.50973],[104.62716,31.51021],[104.62952,31.51071],[104.63081,31.51184],[104.63136,31.51373],[104.63172,31.5159],[104.63241,31.5175],[104.63315,31.5183],[104.63618,31.51903],[104.63773,31.5201],[104.63801,31.52148],[104.63751,31.52331],[104.63532,31.52559],[104.63513,31.52705],[104.63671,31.53013],[104.6372,31.53168],[104.63749,31.54004],[104.63887,31.53922],[104.64109,31.53891],[104.64246,31.5393],[104.64334,31.54002],[104.64432,31.53966],[104.646,31.54015],[104.65038,31.5399],[104.65073,31.54005],[104.65087,31.54036],[104.65044,31.54202],[104.65061,31.54306],[104.65121,31.54381],[104.65204,31.54674],[104.65277,31.54749],[104.65378,31.54795],[104.65498,31.54824],[104.65787,31.54826],[104.66102,31.54867],[104.66236,31.54931],[104.66263,31.54977],[104.66242,31.55441],[104.66201,31.55492],[104.66013,31.55537],[104.66013,31.55595],[104.66086,31.55709],[104.66146,31.55744],[104.66294,31.55745],[104.66422,31.55705],[104.66556,31.55689],[104.66623,31.55747],[104.66819,31.5628],[104.66799,31.56349],[104.66798,31.56486],[104.67032,31.56746],[104.67086,31.56889],[104.67079,31.56981],[104.67011,31.57049],[104.6689,31.57118],[104.66452,31.57264],[104.65595,31.57667],[104.65407,31.57827],[104.65353,31.57913],[104.65353,31.5797],[104.65399,31.58016],[104.66285,31.58318],[104.66352,31.5837],[104.66378,31.58691],[104.66444,31.58778],[104.66585,31.58858],[104.67033,31.5929],[104.67333,31.59458],[104.67461,31.59498],[104.67545,31.59505],[104.68171,31.59238],[104.68308,31.59213],[104.68392,31.59219],[104.68446,31.59251],[104.68583,31.59406],[104.68768,31.59914],[104.68794,31.60026],[104.68787,31.60258],[104.69237,31.6034],[104.69331,31.60401],[104.6956,31.60663],[104.69667,31.60729],[104.70094,31.60842],[104.70274,31.60817],[104.70338,31.60872],[104.70318,31.60935],[104.70348,31.60966],[104.7063,31.6097],[104.70653,31.60959],[104.7068,31.6087],[104.70705,31.60845],[104.70748,31.60825],[104.71043,31.60777],[104.71427,31.60825],[104.71459,31.60816],[104.71585,31.60764]]]]}},{"type":"Feature","properties":{"adcode":"510704","name":"游仙区","level":"district","center":[104.766136,31.473788],"site":"https://geojson.hxkj.vip"},"geometry":{"type":"MultiPolygon","coordinates":[[[[104.98454,31.71642],[104.98595,31.70989],[104.98365,31.70961],[104.98349,31.70919],[104.98348,31.70763],[104.98458,31.70635],[104.98485,31.70551],[104.98462,31.7036],[104.98505,31.70078],[104.98525,31.70045],[104.98686,31.70041],[104.98973,31.70073],[104.99065,31.70061],[104.99309,31.69973],[104.99421,31.6997],[104.99451,31.70022],[104.99613,31.70159],[104.99644,31.70251],[104.99719,31.70366],[104.9976,31.70461],[104.99726,31.70586],[104.99706,31.70612],[104.99639,31.70665],[104.99557,31.70683],[104.99515,31.70757],[104.99744,31.71027],[104.99829,31.70975],[105.00341,31.70925],[105.00484,31.71108],[105.00678,31.71248],[105.00767,31.71267],[105.00988,31.71261],[105.01508,31.71145],[105.01609,31.71105],[105.01804,31.70951],[105.02222,31.70505],[105.02343,31.70396],[105.02437,31.7035],[105.02537,31.70213],[105.02592,31.70036],[105.02861,31.69452],[105.02909,31.69304],[105.02942,31.69184],[105.02929,31.69075],[105.02888,31.68954],[105.02808,31.68822],[105.0276,31.68702],[105.02733,31.68571],[105.02834,31.68181],[105.02774,31.67694],[105.02808,31.67156],[105.02808,31.66847],[105.02822,31.66727],[105.02862,31.66589],[105.02923,31.66464],[105.02867,31.66147],[105.02936,31.65868],[105.03033,31.65773],[105.03125,31.65643],[105.03195,31.65484],[105.03228,31.65313],[105.03204,31.65215],[105.03056,31.6496],[105.02919,31.64825],[105.02613,31.64692],[105.02479,31.64694],[105.02389,31.64778],[105.02189,31.65163],[105.02056,31.65343],[105.01917,31.65483],[105.0172,31.65558],[105.01164,31.65677],[105.00871,31.6579],[105.00569,31.65789],[105.00456,31.65706],[105.00427,31.65591],[105.00464,31.65466],[105.00622,31.6512],[105.00632,31.64988],[105.00515,31.64654],[105.00454,31.64429],[105.00365,31.64249],[105.00378,31.64037],[105.0041,31.63872],[105.00486,31.63771],[105.00584,31.6367],[105.00831,31.63493],[105.00903,31.63368],[105.00874,31.62949],[105.00942,31.62687],[105.00897,31.62411],[105.00913,31.62085],[105.01009,31.62019],[105.0111,31.62004],[105.02047,31.62209],[105.02314,31.62284],[105.02408,31.62281],[105.02504,31.62215],[105.02543,31.6216],[105.02521,31.61946],[105.02547,31.61843],[105.0262,31.61745],[105.02887,31.61538],[105.0294,31.61406],[105.02946,31.61297],[105.02908,31.60828],[105.02919,31.60581],[105.02972,31.60495],[105.03059,31.60455],[105.0324,31.60494],[105.03328,31.60448],[105.03414,31.60247],[105.03386,31.60173],[105.03258,31.60133],[105.03183,31.60087],[105.03109,31.60014],[105.03062,31.59916],[105.0304,31.59824],[105.03058,31.59635],[105.02984,31.5955],[105.02876,31.5951],[105.02822,31.59413],[105.02807,31.59298],[105.02832,31.5912],[105.02878,31.58949],[105.02884,31.58846],[105.02842,31.58748],[105.0257,31.58422],[105.02537,31.58342],[105.02543,31.58256],[105.02716,31.5798],[105.02615,31.57815],[105.02449,31.57688],[105.02426,31.5761],[105.02456,31.57552],[105.02563,31.57526],[105.02853,31.57502],[105.02989,31.57521],[105.03049,31.57559],[105.03118,31.5769],[105.03225,31.57819],[105.03361,31.57924],[105.03613,31.57989],[105.04301,31.58085],[105.04431,31.58026],[105.04545,31.57884],[105.04621,31.57722],[105.04636,31.57579],[105.04567,31.57378],[105.04567,31.56937],[105.04544,31.56743],[105.04438,31.56515],[105.04314,31.5636],[105.04277,31.56281],[105.04295,31.56121],[105.04379,31.55996],[105.04465,31.55815],[105.04476,31.55649],[105.04526,31.55559],[105.04569,31.5542],[105.04718,31.55368],[105.05053,31.5542],[105.05281,31.55433],[105.05463,31.5529],[105.05663,31.55017],[105.05662,31.5492],[105.05621,31.54817],[105.05353,31.54451],[105.05372,31.54227],[105.05478,31.54072],[105.05791,31.5392],[105.05984,31.53913],[105.06342,31.53824],[105.06423,31.53791],[105.06513,31.53713],[105.06543,31.5361],[105.06511,31.53541],[105.06307,31.53393],[105.0629,31.53307],[105.06345,31.53239],[105.06562,31.53147],[105.06699,31.53064],[105.0681,31.52952],[105.06925,31.52714],[105.06934,31.52594],[105.06896,31.52518],[105.06831,31.52454],[105.06731,31.52406],[105.06555,31.52259],[105.06503,31.52172],[105.0646,31.51816],[105.06331,31.51412],[105.06314,31.51262],[105.06244,31.5094],[105.06126,31.50811],[105.0605,31.50643],[105.06021,31.50522],[105.0605,31.5042],[105.06056,31.50214],[105.06033,31.50093],[105.06037,31.49938],[105.06008,31.49812],[105.05957,31.49702],[105.05686,31.49318],[105.05599,31.49075],[105.05678,31.48882],[105.05845,31.48657],[105.0589,31.48526],[105.05913,31.48406],[105.05911,31.48251],[105.05888,31.48125],[105.05893,31.47924],[105.05979,31.47531],[105.06029,31.47406],[105.05982,31.47176],[105.0596,31.46809],[105.06,31.4658],[105.0599,31.46437],[105.05966,31.46322],[105.05864,31.46142],[105.0584,31.46027],[105.05835,31.45752],[105.05767,31.45474],[105.05804,31.45357],[105.05939,31.45221],[105.06372,31.44884],[105.06956,31.44639],[105.07146,31.44522],[105.07267,31.44334],[105.07312,31.44152],[105.0738,31.44042],[105.07545,31.43976],[105.07674,31.44047],[105.0777,31.4415],[105.07788,31.4426],[105.07738,31.44523],[105.07757,31.44579],[105.08056,31.44838],[105.08191,31.44928],[105.08301,31.4498],[105.08383,31.44989],[105.0846,31.44971],[105.08484,31.44944],[105.08419,31.44608],[105.08533,31.44382],[105.08758,31.4412],[105.08819,31.44077],[105.08885,31.44065],[105.08971,31.44073],[105.09073,31.44124],[105.09298,31.44311],[105.09376,31.44324],[105.09653,31.44221],[105.09861,31.44273],[105.10025,31.44377],[105.10122,31.44377],[105.10209,31.44326],[105.10327,31.44489],[105.10364,31.44598],[105.10387,31.44731],[105.10405,31.45046],[105.10387,31.45218],[105.10309,31.45371],[105.10225,31.45483],[105.1023,31.45524],[105.10298,31.45537],[105.10431,31.45522],[105.10525,31.45547],[105.10657,31.45618],[105.1078,31.4573],[105.10952,31.45842],[105.11105,31.45891],[105.11291,31.45889],[105.11413,31.45857],[105.11881,31.45625],[105.12464,31.45545],[105.12627,31.4549],[105.13136,31.45191],[105.13326,31.45108],[105.1345,31.45002],[105.13582,31.44763],[105.13756,31.44291],[105.13853,31.44173],[105.13975,31.44095],[105.1411,31.44062],[105.14478,31.44046],[105.14853,31.43996],[105.1504,31.44005],[105.15049,31.43919],[105.15095,31.43764],[105.15248,31.43615],[105.15323,31.43453],[105.1533,31.43304],[105.15159,31.42678],[105.1494,31.42471],[105.14788,31.42439],[105.14517,31.42479],[105.1426,31.42467],[105.14093,31.4235],[105.1407,31.42169],[105.14115,31.42],[105.14235,31.4187],[105.145,31.41804],[105.15204,31.41789],[105.15362,31.41711],[105.15467,31.41607],[105.15498,31.41496],[105.15414,31.41406],[105.1524,31.41354],[105.14772,31.41291],[105.14049,31.40621],[105.13844,31.40512],[105.13686,31.40531],[105.13467,31.4059],[105.1327,31.40571],[105.13074,31.4049],[105.12915,31.40448],[105.12786,31.40373],[105.12686,31.40256],[105.12734,31.40125],[105.12797,31.40082],[105.12817,31.40025],[105.1273,31.39911],[105.12843,31.39767],[105.12822,31.39681],[105.12735,31.39596],[105.12671,31.39451],[105.12531,31.39447],[105.12343,31.39587],[105.12184,31.39737],[105.12052,31.39837],[105.1193,31.39863],[105.11829,31.39854],[105.11497,31.39722],[105.11413,31.39634],[105.11422,31.39531],[105.11466,31.394],[105.11565,31.39242],[105.1168,31.38923],[105.11697,31.38786],[105.11667,31.38671],[105.11603,31.38561],[105.11499,31.38467],[105.11381,31.3839],[105.11055,31.38332],[105.10929,31.38273],[105.1074,31.38097],[105.1069,31.3797],[105.10694,31.37861],[105.10857,31.37503],[105.1088,31.37406],[105.1086,31.37165],[105.1087,31.37051],[105.10906,31.3696],[105.11033,31.36866],[105.11342,31.36729],[105.11411,31.36658],[105.11425,31.36567],[105.11403,31.36385],[105.11209,31.36325],[105.11169,31.36294],[105.11154,31.3625],[105.11205,31.36031],[105.11188,31.35973],[105.11138,31.35951],[105.11095,31.35956],[105.10979,31.35997],[105.10831,31.36076],[105.10628,31.36248],[105.10603,31.36297],[105.10603,31.36559],[105.10744,31.369],[105.10741,31.36949],[105.10692,31.36972],[105.10606,31.36979],[105.10436,31.36946],[105.1007,31.36781],[105.0987,31.36729],[105.09596,31.36717],[105.09575,31.36682],[105.09542,31.36441],[105.09522,31.36408],[105.09339,31.36369],[105.09152,31.3628],[105.09129,31.36238],[105.09136,31.36185],[105.09175,31.36122],[105.09173,31.36094],[105.09124,31.36074],[105.09003,31.36078],[105.08835,31.36101],[105.08535,31.36173],[105.08437,31.36172],[105.08387,31.36133],[105.08313,31.35984],[105.08192,31.35887],[105.08113,31.35859],[105.08045,31.35779],[105.08012,31.35676],[105.08017,31.35315],[105.08036,31.35188],[105.0797,31.35126],[105.07902,31.35114],[105.07829,31.35183],[105.07709,31.35247],[105.07609,31.3523],[105.07407,31.35001],[105.07306,31.34944],[105.07186,31.34955],[105.07085,31.35013],[105.06905,31.35157],[105.06824,31.35185],[105.06743,31.35174],[105.06663,31.35117],[105.0661,31.35048],[105.06561,31.34859],[105.06601,31.34767],[105.06676,31.34667],[105.06585,31.34653],[105.06335,31.34673],[105.06168,31.34621],[105.06134,31.34575],[105.05975,31.34461],[105.05884,31.34442],[105.05846,31.34455],[105.05831,31.34526],[105.05861,31.34656],[105.05732,31.35027],[105.05645,31.3509],[105.05551,31.35119],[105.05411,31.3513],[105.05351,31.35096],[105.0533,31.3505],[105.05376,31.34815],[105.05342,31.34729],[105.05269,31.34678],[105.05155,31.34666],[105.05034,31.34701],[105.04787,31.35005],[105.04533,31.35068],[105.04493,31.35114],[105.04486,31.35166],[105.04514,31.35303],[105.0446,31.35384],[105.0436,31.35429],[105.04138,31.35424],[105.03964,31.35522],[105.03878,31.3555],[105.03689,31.3551],[105.03562,31.35504],[105.03321,31.35597],[105.03247,31.35597],[105.03218,31.35542],[105.02883,31.35795],[105.02625,31.36132],[105.02503,31.36358],[105.02519,31.36488],[105.02564,31.36598],[105.02914,31.36859],[105.03058,31.37047],[105.02998,31.37099],[105.02853,31.37105],[105.02716,31.3706],[105.02345,31.36799],[105.02132,31.36714],[105.01964,31.36746],[105.01806,31.36836],[105.0172,31.3699],[105.01429,31.37305],[105.01426,31.37391],[105.01451,31.37466],[105.01703,31.37558],[105.01755,31.37616],[105.01766,31.37714],[105.01637,31.37991],[105.01567,31.38098],[105.01457,31.38176],[105.01396,31.38198],[105.01275,31.38207],[105.01182,31.38176],[105.0107,31.38088],[105.00914,31.3793],[105.0082,31.37916],[105.00719,31.37954],[105.00552,31.38116],[104.99908,31.3832],[104.99722,31.38487],[104.99289,31.39099],[104.99195,31.39113],[104.98566,31.39045],[104.98363,31.39072],[104.98122,31.39138],[104.97849,31.3925],[104.97583,31.39418],[104.97417,31.39557],[104.97306,31.39718],[104.97229,31.39959],[104.97253,31.40177],[104.97337,31.40469],[104.97406,31.40548],[104.97401,31.40657],[104.97375,31.40732],[104.97237,31.40882],[104.97037,31.41022],[104.9673,31.41139],[104.96462,31.41147],[104.96187,31.41132],[104.95765,31.41147],[104.95578,31.41223],[104.95347,31.41427],[104.9513,31.41681],[104.94829,31.41798],[104.94656,31.41794],[104.9444,31.41728],[104.94223,31.4158],[104.93986,31.41377],[104.93869,31.41177],[104.9374,31.41058],[104.93619,31.41002],[104.93336,31.40942],[104.93096,31.40973],[104.92936,31.4106],[104.92454,31.41489],[104.92367,31.41535],[104.92226,31.41497],[104.92123,31.41451],[104.92032,31.41388],[104.91804,31.41311],[104.91281,31.40691],[104.90905,31.4052],[104.90597,31.40491],[104.9029,31.40331],[104.89908,31.3996],[104.89693,31.3988],[104.89463,31.39859],[104.89357,31.39938],[104.8931,31.40122],[104.88988,31.40924],[104.88887,31.41022],[104.88741,31.41067],[104.8858,31.41056],[104.88393,31.40901],[104.87819,31.40161],[104.87773,31.4007],[104.87773,31.3999],[104.87987,31.39909],[104.88247,31.39863],[104.88388,31.39766],[104.88502,31.39606],[104.88502,31.3952],[104.88455,31.39405],[104.88292,31.39198],[104.88279,31.39078],[104.88286,31.38935],[104.88259,31.38877],[104.88125,31.38832],[104.87938,31.38809],[104.87811,31.3886],[104.87731,31.38981],[104.8768,31.39017],[104.87562,31.38999],[104.87419,31.38959],[104.87246,31.38796],[104.8717,31.38625],[104.87143,31.38499],[104.87197,31.38281],[104.87325,31.37989],[104.87372,31.3784],[104.87359,31.37765],[104.87253,31.37715],[104.87038,31.37668],[104.86871,31.37702],[104.86683,31.37777],[104.86517,31.37806],[104.86073,31.37617],[104.8606,31.37559],[104.8612,31.37445],[104.86147,31.37347],[104.86113,31.37267],[104.85954,31.37124],[104.85739,31.36985],[104.84924,31.36115],[104.84509,31.35605],[104.84481,31.35551],[104.84455,31.35126],[104.84112,31.35354],[104.8389,31.35413],[104.83686,31.35437],[104.83125,31.35408],[104.82897,31.35452],[104.82619,31.35583],[104.82003,31.35927],[104.81627,31.36163],[104.81506,31.36301],[104.81473,31.36425],[104.81345,31.36734],[104.81298,31.37013],[104.81295,31.37429],[104.81322,31.37662],[104.81238,31.38179],[104.81262,31.38375],[104.8131,31.38552],[104.81406,31.38744],[104.81537,31.39152],[104.81649,31.3937],[104.81736,31.39647],[104.81775,31.39853],[104.8178,31.39999],[104.81736,31.40117],[104.81565,31.40272],[104.81401,31.40361],[104.81231,31.40385],[104.8082,31.40649],[104.80586,31.40901],[104.8011,31.41291],[104.79913,31.41627],[104.79778,31.41764],[104.79338,31.41976],[104.78762,31.42039],[104.78599,31.4209],[104.78434,31.42234],[104.78358,31.42381],[104.78325,31.42635],[104.78347,31.42789],[104.78394,31.42892],[104.78668,31.4322],[104.79096,31.43818],[104.79109,31.43986],[104.78989,31.45134],[104.78887,31.45537],[104.78827,31.4563],[104.7861,31.45708],[104.78234,31.45768],[104.78033,31.45824],[104.77514,31.45924],[104.77385,31.45924],[104.76743,31.45753],[104.7615,31.46044],[104.75938,31.46178],[104.75714,31.46421],[104.75464,31.46772],[104.75385,31.46911],[104.75223,31.47325],[104.75201,31.47432],[104.75201,31.47531],[104.75238,31.4766],[104.75252,31.47781],[104.75226,31.48086],[104.75173,31.48232],[104.75112,31.48339],[104.75021,31.48432],[104.74929,31.48623],[104.74861,31.48951],[104.7476,31.49283],[104.7469,31.49588],[104.74645,31.49734],[104.74487,31.50105],[104.74437,31.50275],[104.74432,31.50466],[104.74414,31.50546],[104.74385,31.50627],[104.7429,31.50772],[104.74015,31.50976],[104.73486,31.513],[104.72352,31.51624],[104.71364,31.51952],[104.71041,31.52025],[104.70751,31.52052],[104.70652,31.52101],[104.70625,31.52184],[104.70628,31.52259],[104.70674,31.52366],[104.70905,31.52589],[104.7127,31.52793],[104.71354,31.52884],[104.71494,31.53152],[104.71615,31.53344],[104.71615,31.53432],[104.71554,31.53571],[104.71312,31.54022],[104.71291,31.54258],[104.71314,31.54447],[104.71575,31.55155],[104.71668,31.55686],[104.7166,31.55833],[104.71504,31.56317],[104.71377,31.56625],[104.71092,31.57127],[104.70761,31.57894],[104.70589,31.58377],[104.70335,31.58965],[104.70301,31.59534],[104.70344,31.59631],[104.70481,31.59738],[104.70759,31.59855],[104.71071,31.59951],[104.71184,31.6004],[104.71273,31.60131],[104.71364,31.60263],[104.71458,31.60526],[104.71585,31.60764],[104.71892,31.60617],[104.71966,31.60609],[104.72107,31.60498],[104.72245,31.60341],[104.7232,31.60195],[104.72303,31.60014],[104.72361,31.59963],[104.72522,31.59958],[104.72984,31.60031],[104.73192,31.60149],[104.73435,31.60442],[104.73465,31.60591],[104.73498,31.60654],[104.73601,31.60775],[104.73769,31.60847],[104.73789,31.60878],[104.73772,31.61076],[104.73806,31.61368],[104.73789,31.61426],[104.73324,31.61742],[104.73306,31.6178],[104.73313,31.61811],[104.73384,31.61929],[104.73433,31.61975],[104.73753,31.62098],[104.73814,31.62143],[104.73833,31.62237],[104.73822,31.62465],[104.73835,31.62499],[104.73869,31.62526],[104.73964,31.6254],[104.74036,31.62503],[104.74074,31.62462],[104.74159,31.62433],[104.74205,31.62436],[104.74232,31.62471],[104.74195,31.62511],[104.74027,31.62599],[104.73917,31.62625],[104.73732,31.62636],[104.73681,31.62655],[104.73634,31.62701],[104.7358,31.6279],[104.73587,31.62821],[104.73627,31.62847],[104.73691,31.62859],[104.73943,31.62848],[104.7405,31.62828],[104.74174,31.62846],[104.74315,31.6284],[104.74348,31.62804],[104.74332,31.62766],[104.74248,31.62763],[104.74225,31.62734],[104.74242,31.62689],[104.74319,31.626],[104.74541,31.62526],[104.74591,31.62486],[104.74658,31.62466],[104.7487,31.62472],[104.74941,31.62252],[104.75004,31.62234],[104.75309,31.6225],[104.75647,31.62169],[104.7571,31.62179],[104.7576,31.62227],[104.75858,31.62273],[104.75995,31.62262],[104.76099,31.62205],[104.76153,31.62082],[104.76203,31.62042],[104.76269,31.62026],[104.76338,31.62036],[104.76412,31.62077],[104.76565,31.62115],[104.7661,31.62114],[104.76817,31.62014],[104.76894,31.62023],[104.76947,31.62054],[104.77001,31.62117],[104.77054,31.62244],[104.7709,31.62246],[104.77438,31.62152],[104.77501,31.62161],[104.77692,31.62336],[104.77799,31.62411],[104.77668,31.62542],[104.77675,31.62573],[104.77909,31.62597],[104.78134,31.62505],[104.78424,31.62468],[104.78538,31.62471],[104.78642,31.62494],[104.78696,31.62532],[104.78675,31.62603],[104.78549,31.62784],[104.78416,31.62872],[104.78352,31.62936],[104.78375,31.63001],[104.78471,31.63116],[104.78498,31.63176],[104.78502,31.633],[104.78488,31.63365],[104.78464,31.634],[104.78378,31.6346],[104.78359,31.635],[104.78362,31.63537],[104.78409,31.63615],[104.78409,31.63658],[104.78372,31.63692],[104.78335,31.63698],[104.77808,31.63653],[104.77715,31.63869],[104.77564,31.64331],[104.77428,31.64627],[104.77378,31.64705],[104.7743,31.64878],[104.77499,31.64881],[104.77604,31.64917],[104.77714,31.64886],[104.77734,31.64903],[104.77739,31.64947],[104.77642,31.65138],[104.77652,31.65182],[104.77747,31.65189],[104.77784,31.65253],[104.77813,31.6526],[104.7787,31.65238],[104.7797,31.65241],[104.78027,31.65272],[104.78058,31.6526],[104.78098,31.65209],[104.78127,31.65214],[104.78133,31.6526],[104.78083,31.65373],[104.78095,31.65387],[104.78143,31.65387],[104.78266,31.65279],[104.78492,31.65165],[104.78661,31.65113],[104.78854,31.65148],[104.7888,31.65165],[104.78951,31.65165],[104.79007,31.65144],[104.7918,31.65026],[104.79298,31.65013],[104.79328,31.65026],[104.79333,31.65048],[104.79292,31.65131],[104.79298,31.65144],[104.7939,31.65148],[104.7967,31.6493],[104.7965,31.6486],[104.79563,31.64725],[104.79573,31.64677],[104.79609,31.6466],[104.79859,31.64708],[104.799,31.64691],[104.7994,31.64569],[104.80039,31.64508],[104.80163,31.64503],[104.80363,31.64576],[104.8051,31.64586],[104.80527,31.64521],[104.80529,31.64403],[104.80588,31.64392],[104.80661,31.64418],[104.80768,31.64539],[104.80832,31.64559],[104.81195,31.64521],[104.81283,31.64479],[104.81356,31.64417],[104.81372,31.64265],[104.81404,31.6423],[104.81485,31.64189],[104.81566,31.64189],[104.81606,31.64237],[104.81614,31.64375],[104.8163,31.64424],[104.8167,31.64458],[104.81791,31.645],[104.81928,31.6452],[104.82,31.64603],[104.82162,31.647],[104.82306,31.64748],[104.82629,31.64768],[104.8271,31.6481],[104.82806,31.64983],[104.82806,31.65017],[104.82725,31.65086],[104.82547,31.65197],[104.82515,31.6528],[104.82531,31.65321],[104.8258,31.65349],[104.82799,31.65307],[104.82815,31.65325],[104.82799,31.65405],[104.82738,31.6553],[104.82639,31.65845],[104.82585,31.65937],[104.82417,31.66117],[104.82278,31.6623],[104.82104,31.66312],[104.81964,31.66455],[104.81897,31.66553],[104.8187,31.6665],[104.81877,31.66868],[104.81792,31.67676],[104.81772,31.68062],[104.81899,31.68097],[104.82104,31.68074],[104.82343,31.68097],[104.82419,31.68143],[104.82457,31.68226],[104.82346,31.68297],[104.82197,31.68439],[104.81395,31.69297],[104.81463,31.69512],[104.81482,31.69544],[104.81559,31.69575],[104.82131,31.69738],[104.82259,31.69791],[104.82614,31.69867],[104.8311,31.69936],[104.83306,31.70018],[104.83442,31.70155],[104.83552,31.70338],[104.836,31.70602],[104.8365,31.70645],[104.83853,31.70705],[104.83974,31.70719],[104.84021,31.70751],[104.84048,31.71],[104.84068,31.71063],[104.84124,31.71097],[104.84273,31.71135],[104.84488,31.70971],[104.84612,31.70918],[104.84705,31.70845],[104.85056,31.70658],[104.85191,31.70556],[104.85647,31.70535],[104.85758,31.70509],[104.86102,31.70234],[104.86152,31.70177],[104.86189,31.7011],[104.86193,31.70045],[104.86153,31.69881],[104.86342,31.69583],[104.8643,31.6954],[104.86516,31.69532],[104.86684,31.6958],[104.86798,31.6956],[104.8704,31.69411],[104.87244,31.69331],[104.87291,31.69254],[104.87313,31.69147],[104.87763,31.68979],[104.87946,31.68833],[104.8808,31.68801],[104.88402,31.68781],[104.88496,31.68789],[104.88761,31.68918],[104.88828,31.68979],[104.88855,31.69027],[104.88844,31.69142],[104.88639,31.69477],[104.88632,31.6954],[104.88643,31.69643],[104.88811,31.70053],[104.88845,31.70102],[104.88932,31.70165],[104.89036,31.70199],[104.8921,31.70231],[104.89325,31.70208],[104.89378,31.70239],[104.89464,31.70388],[104.89497,31.70586],[104.89497,31.70655],[104.89473,31.70675],[104.89088,31.7066],[104.88621,31.70706],[104.88594,31.70741],[104.88587,31.70792],[104.88605,31.70887],[104.8867,31.71052],[104.88692,31.71259],[104.88726,31.714],[104.88887,31.7142],[104.88924,31.71445],[104.88965,31.716],[104.88904,31.71778],[104.88918,31.71812],[104.88973,31.71818],[104.89073,31.71761],[104.89126,31.71749],[104.89301,31.71748],[104.89139,31.716],[104.89182,31.71552],[104.89399,31.71593],[104.89463,31.71582],[104.89598,31.71512],[104.8972,31.71576],[104.89794,31.71589],[104.9006,31.71397],[104.90128,31.71254],[104.90119,31.7095],[104.90215,31.70781],[104.904,31.70605],[104.90561,31.70529],[104.90624,31.70541],[104.90642,31.70571],[104.9064,31.70616],[104.90583,31.70657],[104.9058,31.70694],[104.90731,31.70732],[104.90892,31.70709],[104.91094,31.70594],[104.91135,31.70537],[104.91169,31.70176],[104.91229,31.70062],[104.91424,31.69867],[104.91502,31.69841],[104.9186,31.69954],[104.91887,31.69982],[104.91874,31.70097],[104.91725,31.70486],[104.91718,31.7059],[104.91732,31.7067],[104.91894,31.71],[104.92015,31.71355],[104.92145,31.71601],[104.922,31.71663],[104.92261,31.71697],[104.92396,31.71729],[104.92484,31.71705],[104.92665,31.71605],[104.92722,31.71602],[104.9284,31.71726],[104.92887,31.71749],[104.92917,31.71746],[104.9317,31.71546],[104.93159,31.7148],[104.9317,31.71443],[104.93418,31.71232],[104.93451,31.71136],[104.9346,31.70824],[104.93331,31.70561],[104.93149,31.70264],[104.93075,31.69903],[104.93726,31.69822],[104.93988,31.69844],[104.94196,31.69907],[104.94391,31.70044],[104.94493,31.70159],[104.94622,31.70399],[104.9461,31.70494],[104.94621,31.70603],[104.94545,31.70921],[104.94545,31.70953],[104.94565,31.70978],[104.94746,31.7105],[104.94867,31.7114],[104.95068,31.71219],[104.95103,31.7122],[104.95192,31.71301],[104.95391,31.7133],[104.95643,31.71402],[104.95677,31.71425],[104.95814,31.71776],[104.95878,31.71841],[104.95993,31.71818],[104.96049,31.71788],[104.96176,31.71802],[104.96413,31.71923],[104.9671,31.71763],[104.96859,31.71651],[104.97173,31.7181],[104.97393,31.72055],[104.97428,31.72065],[104.97634,31.71994],[104.97786,31.71911],[104.98179,31.71572],[104.98254,31.71572],[104.98396,31.71619],[104.98454,31.71642]]],[[[104.99744,31.71027],[104.99515,31.70757],[104.99445,31.70854],[104.99387,31.70896],[104.99076,31.70993],[104.98767,31.71005],[104.98595,31.70989],[104.98454,31.71642],[104.98675,31.71728],[104.98748,31.71783],[104.98842,31.71785],[104.99034,31.71562],[104.99159,31.71525],[104.9924,31.71534],[104.99267,31.71552],[104.99317,31.71683],[104.99358,31.71698],[104.99624,31.71676],[104.9964,31.71636],[104.99604,31.71369],[104.99509,31.71263],[104.99512,31.71217],[104.99529,31.71183],[104.99741,31.71029],[104.99744,31.71027]]]]}},{"type":"Feature","properties":{"adcode":"510705","name":"安州区","level":"district","center":[104.567543,31.534319],"site":"https://geojson.hxkj.vip"},"geometry":{"type":"MultiPolygon","coordinates":[[[[104.17107,31.7323],[104.17178,31.73239],[104.17359,31.73225],[104.17466,31.73193],[104.17588,31.73097],[104.18203,31.72894],[104.18497,31.7291],[104.19009,31.72987],[104.19549,31.73372],[104.19677,31.7348],[104.19818,31.73552],[104.20126,31.73625],[104.20454,31.7368],[104.2085,31.73797],[104.20978,31.73818],[104.2128,31.73934],[104.214,31.73991],[104.21446,31.74089],[104.21439,31.74169],[104.21384,31.74244],[104.21227,31.74581],[104.21247,31.7465],[104.21341,31.74696],[104.21615,31.74692],[104.22545,31.74814],[104.22847,31.75124],[104.22984,31.7545],[104.23018,31.75576],[104.23044,31.75604],[104.23092,31.75621],[104.23186,31.75608],[104.23419,31.75458],[104.23513,31.75435],[104.236,31.75446],[104.23795,31.75623],[104.23918,31.75868],[104.24304,31.76183],[104.2471,31.76255],[104.2493,31.76405],[104.24956,31.76469],[104.24854,31.76686],[104.24833,31.76783],[104.24873,31.76824],[104.25268,31.76877],[104.25355,31.76929],[104.25394,31.76985],[104.25422,31.77119],[104.25531,31.77319],[104.25658,31.77467],[104.25801,31.77564],[104.26036,31.77671],[104.26238,31.7779],[104.2661,31.7804],[104.26905,31.78124],[104.27126,31.78124],[104.27367,31.78048],[104.27481,31.78059],[104.27845,31.78195],[104.27979,31.78194],[104.28127,31.78164],[104.28749,31.78682],[104.28945,31.78802],[104.29072,31.78858],[104.29397,31.78961],[104.29538,31.78979],[104.29727,31.78969],[104.29868,31.78913],[104.29982,31.78828],[104.30098,31.78697],[104.30173,31.78548],[104.30249,31.78331],[104.30282,31.7798],[104.3036,31.77793],[104.30517,31.77514],[104.30533,31.7717],[104.30561,31.77021],[104.30684,31.76764],[104.30705,31.7661],[104.30649,31.76168],[104.30662,31.75752],[104.30768,31.7566],[104.31036,31.75523],[104.31345,31.75276],[104.31522,31.75083],[104.31618,31.74871],[104.31662,31.74814],[104.31776,31.74764],[104.31891,31.74739],[104.32063,31.74763],[104.3223,31.74864],[104.32331,31.74879],[104.32374,31.74854],[104.32551,31.74569],[104.32711,31.74429],[104.32873,31.74236],[104.33298,31.73622],[104.33371,31.7357],[104.33558,31.73506],[104.3378,31.73511],[104.34138,31.73658],[104.34435,31.73742],[104.34656,31.7384],[104.34724,31.73822],[104.34831,31.73758],[104.34897,31.73655],[104.34936,31.73494],[104.34914,31.7326],[104.34637,31.72242],[104.34582,31.72087],[104.34412,31.71864],[104.34277,31.71728],[104.34153,31.71504],[104.34132,31.7143],[104.34118,31.71367],[104.34212,31.71212],[104.34621,31.71113],[104.3521,31.70927],[104.35503,31.70731],[104.35717,31.70632],[104.35885,31.70575],[104.35999,31.70562],[104.36167,31.70596],[104.36551,31.7064],[104.36927,31.70718],[104.37061,31.70728],[104.37121,31.70728],[104.37162,31.70688],[104.37268,31.70641],[104.37428,31.70463],[104.3748,31.70228],[104.37492,31.70079],[104.37557,31.69838],[104.37597,31.69763],[104.37643,31.69735],[104.3774,31.69759],[104.37748,31.6944],[104.37599,31.69157],[104.37574,31.68997],[104.37494,31.68842],[104.37511,31.68788],[104.3775,31.68465],[104.37841,31.68483],[104.38054,31.68593],[104.38316,31.68699],[104.38367,31.68675],[104.38402,31.68528],[104.38478,31.68602],[104.38544,31.68618],[104.38585,31.68592],[104.38668,31.68471],[104.38671,31.68439],[104.38587,31.68286],[104.38551,31.68147],[104.38513,31.68073],[104.38335,31.68028],[104.38269,31.68092],[104.38079,31.68188],[104.37985,31.6808],[104.38136,31.67993],[104.38194,31.67946],[104.38187,31.6792],[104.37867,31.67912],[104.37801,31.67894],[104.3781,31.67763],[104.37936,31.67714],[104.38126,31.67669],[104.38209,31.67584],[104.38207,31.6754],[104.38182,31.67535],[104.38113,31.6754],[104.37987,31.67584],[104.37968,31.67563],[104.38012,31.67511],[104.38388,31.67311],[104.38384,31.67237],[104.38353,31.67188],[104.38323,31.67184],[104.38265,31.67214],[104.38157,31.67334],[104.38114,31.67343],[104.38098,31.67334],[104.38075,31.67239],[104.38131,31.67097],[104.38054,31.67023],[104.37861,31.66953],[104.3784,31.66925],[104.37846,31.66824],[104.37793,31.66801],[104.37642,31.66782],[104.3726,31.66862],[104.37201,31.66793],[104.37181,31.66587],[104.37399,31.66493],[104.37407,31.66466],[104.37377,31.66417],[104.37209,31.66426],[104.37178,31.66404],[104.37092,31.6641],[104.37019,31.66368],[104.36938,31.66394],[104.36772,31.66383],[104.36687,31.66448],[104.36569,31.66467],[104.36498,31.66456],[104.36431,31.66375],[104.36404,31.66314],[104.36259,31.66254],[104.36242,31.66197],[104.35948,31.65996],[104.35856,31.65889],[104.35683,31.65778],[104.35615,31.6571],[104.35533,31.65693],[104.35505,31.65614],[104.35565,31.6558],[104.35571,31.65517],[104.35598,31.65467],[104.35654,31.65454],[104.35718,31.65491],[104.3578,31.65555],[104.35814,31.65498],[104.35777,31.65437],[104.35651,31.65299],[104.3539,31.65118],[104.35437,31.65063],[104.35618,31.64966],[104.35702,31.65094],[104.35746,31.65135],[104.35976,31.65213],[104.36013,31.65175],[104.36068,31.6506],[104.35983,31.65031],[104.3607,31.64996],[104.36122,31.64955],[104.362,31.6493],[104.36216,31.64897],[104.36289,31.64851],[104.36306,31.64803],[104.36376,31.64803],[104.36383,31.64767],[104.36337,31.64741],[104.36346,31.64682],[104.36487,31.64527],[104.36557,31.64517],[104.36489,31.6439],[104.364,31.64335],[104.36378,31.64132],[104.36267,31.64082],[104.3627,31.64131],[104.36235,31.64137],[104.36212,31.64073],[104.36243,31.64021],[104.36335,31.63956],[104.36398,31.64057],[104.36516,31.64036],[104.36559,31.6407],[104.36727,31.63979],[104.36757,31.6385],[104.3681,31.63789],[104.36916,31.63759],[104.36981,31.63772],[104.36998,31.63754],[104.36998,31.63649],[104.36911,31.63641],[104.36842,31.63613],[104.36834,31.63575],[104.36863,31.63486],[104.36733,31.63472],[104.36683,31.63481],[104.36636,31.63557],[104.36633,31.63662],[104.36608,31.63652],[104.36576,31.63565],[104.36476,31.63501],[104.36501,31.6343],[104.36428,31.63325],[104.36628,31.63273],[104.36632,31.63197],[104.36573,31.63151],[104.36579,31.63111],[104.3649,31.63076],[104.36495,31.6304],[104.36457,31.63003],[104.36444,31.62924],[104.36412,31.62881],[104.36412,31.62822],[104.36567,31.62781],[104.3659,31.62692],[104.3665,31.62625],[104.36642,31.62613],[104.36602,31.62616],[104.36629,31.62549],[104.36657,31.62595],[104.3668,31.62597],[104.36766,31.62501],[104.36808,31.62549],[104.36864,31.62529],[104.36984,31.62387],[104.37029,31.62355],[104.37047,31.62246],[104.37037,31.6221],[104.37098,31.62212],[104.37132,31.62162],[104.37229,31.62148],[104.37244,31.6209],[104.37338,31.62076],[104.37344,31.62065],[104.37305,31.62042],[104.37251,31.61973],[104.37358,31.61945],[104.37384,31.61918],[104.37314,31.61783],[104.37138,31.61638],[104.3717,31.61594],[104.37252,31.61525],[104.38065,31.62117],[104.38199,31.61948],[104.38314,31.61842],[104.3837,31.61725],[104.38411,31.61754],[104.38508,31.61773],[104.38534,31.61718],[104.38576,31.61734],[104.38635,31.6168],[104.38685,31.61694],[104.38732,31.61645],[104.38773,31.61645],[104.38784,31.61599],[104.38824,31.61551],[104.38842,31.61472],[104.38904,31.61427],[104.38877,31.61407],[104.38881,31.61387],[104.38955,31.61409],[104.38997,31.61403],[104.39083,31.61441],[104.39154,31.61506],[104.39176,31.61493],[104.39215,31.61503],[104.39304,31.61469],[104.39309,31.61445],[104.39224,31.6136],[104.39222,31.61261],[104.39234,31.61238],[104.39276,31.61235],[104.39283,31.61175],[104.39252,31.61153],[104.39259,31.61135],[104.39281,31.61136],[104.39275,31.61114],[104.39329,31.61033],[104.39442,31.61032],[104.39632,31.61138],[104.39709,31.61278],[104.39766,31.61302],[104.39782,31.61326],[104.39845,31.61327],[104.39932,31.61259],[104.39912,31.61241],[104.39849,31.61282],[104.39808,31.61253],[104.39798,31.6124],[104.39824,31.61193],[104.39804,31.61154],[104.39831,31.6114],[104.39919,31.61151],[104.39963,31.61114],[104.39968,31.61077],[104.39794,31.61056],[104.39674,31.60952],[104.39475,31.60855],[104.39475,31.60834],[104.39509,31.60808],[104.39513,31.60756],[104.39658,31.60671],[104.39664,31.60635],[104.39548,31.60443],[104.39551,31.60307],[104.39507,31.60252],[104.3944,31.60209],[104.39466,31.6014],[104.39372,31.60048],[104.39297,31.6002],[104.39293,31.59997],[104.39328,31.59967],[104.39424,31.59972],[104.39469,31.59927],[104.39511,31.59932],[104.39531,31.59874],[104.39608,31.59865],[104.39676,31.59823],[104.39625,31.59809],[104.39595,31.59754],[104.39562,31.59734],[104.39552,31.59661],[104.39569,31.59641],[104.39557,31.59615],[104.39509,31.59576],[104.39475,31.59578],[104.39456,31.59561],[104.3946,31.5951],[104.3952,31.59528],[104.39487,31.59483],[104.3953,31.59482],[104.3948,31.59456],[104.39523,31.59429],[104.39492,31.59369],[104.3949,31.59294],[104.39537,31.59303],[104.39546,31.59354],[104.39568,31.59322],[104.39643,31.59318],[104.39696,31.59344],[104.39906,31.59242],[104.39953,31.59244],[104.39971,31.59221],[104.40072,31.59219],[104.40097,31.59233],[104.40128,31.5919],[104.40148,31.59196],[104.40167,31.59175],[104.40155,31.59141],[104.4022,31.59111],[104.40259,31.59162],[104.40242,31.59185],[104.40338,31.59274],[104.40287,31.59338],[104.40312,31.59344],[104.40347,31.59286],[104.40392,31.5929],[104.40394,31.59276],[104.40411,31.59276],[104.40447,31.59289],[104.4046,31.59269],[104.40489,31.59274],[104.40504,31.59254],[104.40469,31.59237],[104.40477,31.59216],[104.40533,31.59232],[104.40557,31.59223],[104.40478,31.59186],[104.40513,31.59138],[104.40589,31.59082],[104.40645,31.59057],[104.40677,31.59081],[104.40727,31.59083],[104.40738,31.59024],[104.40792,31.59037],[104.40843,31.59079],[104.40855,31.59065],[104.40848,31.59025],[104.40797,31.59013],[104.40788,31.58974],[104.40702,31.58991],[104.40598,31.58943],[104.40541,31.58889],[104.40466,31.58876],[104.40413,31.58888],[104.40442,31.58851],[104.40509,31.5883],[104.40665,31.58848],[104.40678,31.58786],[104.40588,31.5868],[104.40452,31.58606],[104.40432,31.58568],[104.4046,31.58329],[104.40403,31.58223],[104.40344,31.58197],[104.40366,31.58235],[104.40307,31.58261],[104.40372,31.58308],[104.40391,31.58346],[104.40231,31.58317],[104.40151,31.58344],[104.40089,31.58307],[104.40138,31.58244],[104.40248,31.58201],[104.40278,31.58173],[104.4032,31.58074],[104.40357,31.58047],[104.4039,31.57994],[104.40394,31.5789],[104.40446,31.57848],[104.40457,31.57816],[104.40413,31.57714],[104.40366,31.577],[104.40312,31.57644],[104.4025,31.57609],[104.40276,31.57569],[104.40352,31.57573],[104.40406,31.57547],[104.40387,31.57447],[104.40362,31.57409],[104.40383,31.57368],[104.40412,31.57355],[104.4042,31.57224],[104.40466,31.57169],[104.40501,31.57057],[104.40502,31.57028],[104.40439,31.56898],[104.4049,31.56834],[104.40575,31.56806],[104.40617,31.56701],[104.40499,31.56631],[104.40428,31.56528],[104.40423,31.56471],[104.40553,31.56456],[104.40572,31.564],[104.40542,31.56314],[104.40606,31.56298],[104.40554,31.56274],[104.40567,31.56243],[104.40523,31.56216],[104.4058,31.56198],[104.40611,31.56092],[104.40676,31.56044],[104.40666,31.55947],[104.40611,31.55921],[104.40659,31.5591],[104.40668,31.55891],[104.4061,31.55864],[104.40607,31.55838],[104.40646,31.55839],[104.40766,31.55791],[104.40787,31.5581],[104.40935,31.55806],[104.41012,31.55828],[104.41013,31.55912],[104.41032,31.55914],[104.41051,31.55863],[104.41068,31.55855],[104.41117,31.55877],[104.41167,31.55868],[104.41317,31.55884],[104.41528,31.55986],[104.41639,31.56077],[104.41779,31.56301],[104.41829,31.56312],[104.41887,31.56349],[104.4198,31.56476],[104.42044,31.56529],[104.42087,31.56692],[104.42114,31.56737],[104.42141,31.56869],[104.42196,31.56885],[104.42441,31.57048],[104.42544,31.57034],[104.42631,31.57094],[104.42757,31.5714],[104.42843,31.57127],[104.4287,31.57107],[104.42871,31.57059],[104.42925,31.57029],[104.42983,31.57043],[104.43018,31.57106],[104.431,31.57146],[104.43132,31.57144],[104.43186,31.57109],[104.4322,31.57139],[104.43291,31.57144],[104.43218,31.56854],[104.43234,31.56796],[104.43244,31.56778],[104.43555,31.56612],[104.43542,31.56516],[104.43675,31.5658],[104.43806,31.56523],[104.4388,31.5652],[104.4398,31.56677],[104.44062,31.56664],[104.44091,31.56692],[104.44147,31.56644],[104.44187,31.56575],[104.44247,31.56551],[104.44276,31.5657],[104.4428,31.56674],[104.44376,31.56683],[104.44468,31.56743],[104.44484,31.56738],[104.44482,31.56646],[104.44508,31.5662],[104.453,31.56686],[104.45614,31.56782],[104.46515,31.57601],[104.46993,31.58448],[104.47608,31.59404],[104.48722,31.60549],[104.4914,31.60959],[104.49514,31.61394],[104.49737,31.61706],[104.49741,31.61739],[104.49851,31.61821],[104.49863,31.6184],[104.49851,31.61873],[104.49882,31.61882],[104.49934,31.61854],[104.49915,31.61897],[104.49947,31.61927],[104.4998,31.61929],[104.50022,31.61897],[104.50065,31.61903],[104.50073,31.61912],[104.50032,31.61967],[104.50058,31.6199],[104.50106,31.6194],[104.50346,31.62006],[104.50396,31.62033],[104.50545,31.62045],[104.50675,31.62082],[104.50729,31.62069],[104.50804,31.62011],[104.50819,31.62015],[104.50816,31.62044],[104.50939,31.62188],[104.50914,31.6223],[104.50908,31.6228],[104.50925,31.62318],[104.50923,31.62381],[104.51061,31.62475],[104.51106,31.62443],[104.51192,31.62466],[104.51243,31.62498],[104.51235,31.62544],[104.51158,31.62587],[104.51176,31.62604],[104.51169,31.62655],[104.51202,31.62647],[104.51206,31.62663],[104.51186,31.62668],[104.51194,31.62683],[104.51224,31.62679],[104.5131,31.62754],[104.51307,31.62781],[104.51357,31.62816],[104.51357,31.62843],[104.51338,31.62844],[104.51325,31.62812],[104.51315,31.6282],[104.51304,31.62879],[104.51309,31.62896],[104.51341,31.62901],[104.51343,31.6297],[104.5137,31.63047],[104.51399,31.63081],[104.51464,31.6306],[104.51484,31.63084],[104.51454,31.63113],[104.5148,31.63206],[104.51472,31.63226],[104.51541,31.63266],[104.51562,31.63261],[104.5156,31.63218],[104.51579,31.63213],[104.5161,31.63252],[104.51654,31.63233],[104.51664,31.63157],[104.51684,31.63154],[104.51702,31.63222],[104.51642,31.63293],[104.51643,31.63321],[104.51689,31.63387],[104.51691,31.63422],[104.51637,31.63378],[104.51441,31.63353],[104.51384,31.63362],[104.51397,31.63421],[104.51483,31.63492],[104.51301,31.63517],[104.51117,31.63654],[104.51186,31.63658],[104.51227,31.63628],[104.51289,31.63625],[104.51351,31.63598],[104.51512,31.63628],[104.51503,31.63638],[104.51391,31.63635],[104.51335,31.63658],[104.51313,31.63678],[104.51319,31.63733],[104.51288,31.63743],[104.51179,31.63693],[104.51139,31.63692],[104.51083,31.63713],[104.50991,31.63713],[104.50826,31.63773],[104.50816,31.63793],[104.50833,31.63807],[104.50758,31.63884],[104.50753,31.63925],[104.50827,31.63966],[104.50757,31.64046],[104.50731,31.64046],[104.50717,31.64159],[104.5067,31.64189],[104.5054,31.64146],[104.50484,31.64221],[104.50457,31.64315],[104.50405,31.64411],[104.50445,31.64482],[104.50464,31.64556],[104.50406,31.64673],[104.50407,31.64736],[104.50372,31.64803],[104.50436,31.64847],[104.5051,31.6477],[104.50542,31.64771],[104.50597,31.64717],[104.50667,31.6472],[104.50736,31.64548],[104.50789,31.6458],[104.50789,31.64645],[104.50728,31.64743],[104.50676,31.64748],[104.50656,31.64797],[104.50574,31.64803],[104.50572,31.64848],[104.50532,31.6489],[104.50677,31.64901],[104.50709,31.64923],[104.50719,31.65029],[104.50653,31.65089],[104.50724,31.65215],[104.50843,31.65282],[104.50909,31.65474],[104.50896,31.65589],[104.50935,31.65678],[104.50844,31.65822],[104.50862,31.6591],[104.50798,31.66097],[104.50805,31.66133],[104.50883,31.66136],[104.50878,31.66198],[104.50766,31.66317],[104.50734,31.66326],[104.50707,31.66396],[104.50658,31.66455],[104.50653,31.6658],[104.50667,31.66649],[104.50742,31.66749],[104.50742,31.66771],[104.5069,31.66818],[104.50666,31.66867],[104.5069,31.66923],[104.50683,31.66937],[104.50556,31.67015],[104.50608,31.67094],[104.50881,31.66928],[104.50915,31.66919],[104.51099,31.66954],[104.51191,31.67038],[104.51256,31.6715],[104.5145,31.67638],[104.51459,31.67563],[104.51807,31.67039],[104.52323,31.66523],[104.52508,31.66372],[104.53205,31.65901],[104.53779,31.65716],[104.53929,31.65645],[104.54047,31.65562],[104.54335,31.65256],[104.54405,31.65124],[104.54453,31.65081],[104.54925,31.64884],[104.54979,31.64838],[104.55046,31.64761],[104.55314,31.64303],[104.55351,31.64185],[104.55331,31.64137],[104.55178,31.64027],[104.55145,31.63964],[104.55048,31.63658],[104.54985,31.63629],[104.54873,31.63636],[104.54753,31.6362],[104.54699,31.63586],[104.54616,31.63471],[104.5447,31.63459],[104.54318,31.63361],[104.54118,31.63023],[104.54051,31.62825],[104.54054,31.62794],[104.54101,31.62754],[104.54175,31.62751],[104.54378,31.628],[104.54479,31.62789],[104.54673,31.62697],[104.5483,31.62677],[104.5485,31.62657],[104.54864,31.62606],[104.54606,31.6229],[104.54594,31.62181],[104.54648,31.62121],[104.54902,31.61967],[104.54942,31.61978],[104.54999,31.62033],[104.55024,31.62082],[104.55087,31.62097],[104.55454,31.61995],[104.55687,31.61856],[104.55732,31.61784],[104.55746,31.61716],[104.55801,31.61666],[104.55924,31.6167],[104.56268,31.61868],[104.56705,31.62018],[104.5679,31.62078],[104.56863,31.62223],[104.5691,31.62264],[104.57199,31.62341],[104.575,31.62344],[104.578,31.62315],[104.57845,31.62298],[104.57904,31.62226],[104.57894,31.61943],[104.57867,31.61907],[104.57901,31.61837],[104.58134,31.61643],[104.58253,31.61584],[104.58409,31.61545],[104.58438,31.61554],[104.58634,31.61479],[104.58775,31.61444],[104.58878,31.61372],[104.58915,31.61304],[104.59037,31.61237],[104.5929,31.61149],[104.59938,31.61081],[104.60247,31.60995],[104.60891,31.60718],[104.6098,31.60651],[104.61238,31.60318],[104.61336,31.59971],[104.61367,31.59909],[104.61369,31.59818],[104.61178,31.59764],[104.60995,31.59658],[104.60615,31.59376],[104.60533,31.59296],[104.60298,31.59164],[104.60278,31.59076],[104.60278,31.59023],[104.6035,31.58892],[104.60433,31.5862],[104.60537,31.58444],[104.60743,31.58252],[104.60854,31.58107],[104.60862,31.58026],[104.60777,31.57993],[104.60245,31.58092],[104.60151,31.5808],[104.60134,31.58063],[104.60145,31.58003],[104.60188,31.57905],[104.60313,31.57731],[104.60293,31.57696],[104.60205,31.57705],[104.59646,31.57895],[104.59582,31.57904],[104.59509,31.57875],[104.59509,31.57857],[104.59596,31.57754],[104.59599,31.57711],[104.59569,31.57571],[104.59535,31.57531],[104.59444,31.5749],[104.59458,31.57373],[104.59509,31.57362],[104.59736,31.57414],[104.59841,31.5742],[104.59907,31.574],[104.59944,31.57369],[104.59954,31.5732],[104.59948,31.5726],[104.59874,31.57185],[104.59694,31.5717],[104.59547,31.57124],[104.59527,31.57087],[104.59543,31.57049],[104.59768,31.5694],[104.59989,31.56758],[104.60009,31.56693],[104.59958,31.56531],[104.59913,31.56492],[104.5977,31.56453],[104.59396,31.5642],[104.59209,31.56452],[104.59147,31.56414],[104.59111,31.56369],[104.59087,31.56231],[104.59113,31.56009],[104.59172,31.55887],[104.59372,31.55843],[104.59502,31.55849],[104.59844,31.55928],[104.59972,31.56028],[104.59992,31.56061],[104.59973,31.56149],[104.59907,31.56221],[104.59862,31.56232],[104.59855,31.56254],[104.59868,31.56332],[104.59927,31.56354],[104.59997,31.56354],[104.60081,31.56321],[104.60238,31.56195],[104.60309,31.56184],[104.60399,31.56184],[104.60553,31.5622],[104.60611,31.56284],[104.60697,31.56329],[104.60909,31.56346],[104.61097,31.56347],[104.61305,31.5632],[104.6148,31.56282],[104.61628,31.56227],[104.61694,31.56128],[104.61773,31.55796],[104.61851,31.55614],[104.61859,31.55293],[104.61931,31.55204],[104.62113,31.55034],[104.6222,31.54993],[104.6234,31.54879],[104.62309,31.54653],[104.62335,31.54632],[104.62393,31.54625],[104.62517,31.54657],[104.62584,31.54631],[104.62666,31.54399],[104.62595,31.5431],[104.62523,31.54277],[104.62511,31.54216],[104.62544,31.54067],[104.62661,31.54001],[104.63115,31.53908],[104.63708,31.54008],[104.63749,31.54004],[104.6372,31.53168],[104.63671,31.53013],[104.63513,31.52705],[104.63532,31.52559],[104.63751,31.52331],[104.63801,31.52148],[104.63773,31.5201],[104.63618,31.51903],[104.63315,31.5183],[104.63241,31.5175],[104.63172,31.5159],[104.63136,31.51373],[104.63081,31.51184],[104.62952,31.51071],[104.62716,31.51021],[104.62307,31.50973],[104.61635,31.50794],[104.61258,31.50546],[104.60767,31.5032],[104.60362,31.50089],[104.59977,31.49714],[104.5961,31.49195],[104.59354,31.48957],[104.59197,31.48769],[104.58646,31.4776],[104.58387,31.47396],[104.58273,31.47282],[104.58165,31.47214],[104.57957,31.47148],[104.57744,31.47178],[104.57312,31.47412],[104.56728,31.4779],[104.56191,31.48081],[104.55765,31.48206],[104.55332,31.48279],[104.55124,31.48224],[104.55057,31.48184],[104.54767,31.47907],[104.54364,31.47625],[104.53976,31.47566],[104.53584,31.47575],[104.53218,31.47653],[104.52912,31.47795],[104.52707,31.48003],[104.52624,31.48152],[104.52431,31.48362],[104.52006,31.48497],[104.51773,31.48512],[104.51474,31.48566],[104.51248,31.48672],[104.51103,31.48839],[104.50966,31.49099],[104.51027,31.49259],[104.51114,31.49378],[104.51116,31.49527],[104.51097,31.49567],[104.50556,31.50118],[104.50134,31.50506],[104.49994,31.50587],[104.49801,31.50664],[104.49588,31.50673],[104.49394,31.50588],[104.49213,31.5043],[104.48957,31.50238],[104.4879,31.50171],[104.48651,31.50189],[104.48458,31.50266],[104.48392,31.50307],[104.48273,31.50457],[104.48168,31.50556],[104.48047,31.50551],[104.47992,31.50374],[104.48021,31.50222],[104.47929,31.50048],[104.4774,31.49867],[104.47659,31.49713],[104.47632,31.49521],[104.47553,31.49444],[104.47537,31.49399],[104.47576,31.49333],[104.47615,31.49208],[104.47607,31.49142],[104.47425,31.49037],[104.47401,31.4901],[104.4741,31.48971],[104.47562,31.48855],[104.47774,31.48803],[104.48064,31.48598],[104.48231,31.48513],[104.48312,31.48499],[104.48536,31.48496],[104.4859,31.48514],[104.48799,31.48674],[104.48897,31.48718],[104.49022,31.4875],[104.49117,31.4875],[104.49212,31.48733],[104.49236,31.48715],[104.49246,31.48649],[104.49233,31.48619],[104.49202,31.48599],[104.49037,31.48564],[104.4901,31.48546],[104.49,31.48508],[104.49,31.48474],[104.49222,31.48054],[104.49294,31.47974],[104.49468,31.4771],[104.49607,31.47612],[104.49791,31.47513],[104.50059,31.47415],[104.50212,31.47342],[104.50282,31.47276],[104.50398,31.47066],[104.50437,31.46954],[104.50422,31.46888],[104.50368,31.46862],[104.50169,31.46862],[104.50097,31.46805],[104.50081,31.46576],[104.5012,31.46426],[104.50151,31.46203],[104.50241,31.45875],[104.50268,31.45826],[104.5042,31.45793],[104.50489,31.45747],[104.50551,31.45688],[104.50688,31.45446],[104.50941,31.45295],[104.51532,31.45059],[104.51854,31.44609],[104.52025,31.44412],[104.52365,31.4426],[104.52284,31.43986],[104.52179,31.43736],[104.52064,31.43672],[104.51897,31.43752],[104.51801,31.43752],[104.51665,31.43693],[104.51635,31.43648],[104.51603,31.4342],[104.51705,31.43354],[104.51688,31.43288],[104.51788,31.43108],[104.51788,31.43009],[104.51745,31.42997],[104.51465,31.43224],[104.51365,31.43279],[104.5135,31.43371],[104.51364,31.43538],[104.5132,31.43654],[104.51248,31.43685],[104.51206,31.4366],[104.51249,31.43574],[104.51242,31.43494],[104.51178,31.43433],[104.51168,31.43367],[104.51222,31.43304],[104.51251,31.43218],[104.51315,31.4315],[104.51387,31.43107],[104.51502,31.42978],[104.51574,31.42935],[104.51545,31.42868],[104.51489,31.42831],[104.5141,31.42818],[104.5136,31.42831],[104.51001,31.43101],[104.50858,31.4315],[104.50729,31.43236],[104.50593,31.43272],[104.50536,31.43236],[104.50565,31.43162],[104.50643,31.43143],[104.50673,31.43088],[104.50629,31.43039],[104.50616,31.42977],[104.50787,31.43039],[104.50909,31.43008],[104.50973,31.42941],[104.50938,31.42873],[104.50803,31.42806],[104.50738,31.4275],[104.5076,31.42701],[104.5096,31.42781],[104.51103,31.42793],[104.51149,31.42787],[104.51145,31.42761],[104.51129,31.42742],[104.50883,31.42643],[104.50791,31.42581],[104.50673,31.42534],[104.50519,31.42443],[104.50445,31.42347],[104.50358,31.42146],[104.50304,31.419],[104.5033,31.41602],[104.50315,31.41413],[104.50228,31.4119],[104.50107,31.41065],[104.49694,31.40781],[104.49609,31.40748],[104.49514,31.40778],[104.49384,31.40954],[104.49268,31.41077],[104.49172,31.41118],[104.49082,31.41124],[104.48892,31.41042],[104.48797,31.41024],[104.48708,31.41035],[104.48557,31.41111],[104.48482,31.41106],[104.48434,31.41076],[104.48401,31.40888],[104.4836,31.40824],[104.48306,31.40788],[104.48167,31.40745],[104.48019,31.40782],[104.47889,31.40788],[104.47778,31.40721],[104.47734,31.40562],[104.47727,31.40391],[104.47763,31.4024],[104.47966,31.39982],[104.48111,31.39871],[104.48504,31.39657],[104.48768,31.3948],[104.48817,31.39418],[104.48856,31.39277],[104.48848,31.39159],[104.48809,31.39098],[104.48728,31.39055],[104.48565,31.39024],[104.48319,31.3904],[104.48214,31.39009],[104.48138,31.38933],[104.48041,31.38649],[104.47933,31.38544],[104.47853,31.38509],[104.47747,31.38523],[104.47495,31.38508],[104.47121,31.38406],[104.4672,31.38262],[104.46592,31.38265],[104.46249,31.38211],[104.46161,31.38172],[104.46145,31.38135],[104.46156,31.38037],[104.4614,31.38001],[104.45932,31.37897],[104.45874,31.37915],[104.45782,31.3801],[104.4575,31.38015],[104.45709,31.37995],[104.45645,31.37907],[104.45544,31.37884],[104.45485,31.379],[104.45008,31.38157],[104.44903,31.38164],[104.44799,31.38137],[104.44626,31.38032],[104.44532,31.37997],[104.44159,31.37935],[104.4362,31.3767],[104.43405,31.3765],[104.43257,31.37708],[104.43154,31.3781],[104.43114,31.37888],[104.43125,31.37961],[104.43181,31.3804],[104.4322,31.38152],[104.43186,31.38225],[104.43106,31.38225],[104.43027,31.382],[104.42798,31.3808],[104.42684,31.38001],[104.42594,31.37888],[104.42609,31.37767],[104.42755,31.37579],[104.4278,31.37504],[104.42762,31.37416],[104.42562,31.37025],[104.42499,31.36976],[104.42309,31.37168],[104.42105,31.37337],[104.41827,31.37484],[104.41462,31.37565],[104.41272,31.37585],[104.40797,31.37739],[104.40431,31.37906],[104.40156,31.37969],[104.39742,31.37948],[104.39435,31.37983],[104.39147,31.38109],[104.38987,31.38207],[104.387,31.38288],[104.38527,31.38191],[104.38492,31.37933],[104.38512,31.37687],[104.38156,31.37446],[104.37575,31.37378],[104.36519,31.37602],[104.36505,31.37683],[104.36285,31.38021],[104.36091,31.38388],[104.36011,31.3848],[104.35811,31.38634],[104.35509,31.38583],[104.3496,31.38239],[104.34746,31.38182],[104.34652,31.38228],[104.34412,31.384],[104.34131,31.38561],[104.34025,31.38646],[104.33946,31.3872],[104.33941,31.38791],[104.33692,31.38987],[104.33536,31.39064],[104.33382,31.39231],[104.33082,31.39477],[104.32687,31.3993],[104.32674,31.40039],[104.32481,31.40394],[104.32467,31.4048],[104.32475,31.40545],[104.32689,31.40904],[104.32743,31.41099],[104.32716,31.41175],[104.32455,31.41248],[104.32334,31.41242],[104.32214,31.41259],[104.32187,31.41277],[104.32053,31.41466],[104.31974,31.41632],[104.31907,31.41729],[104.31526,31.42177],[104.31286,31.42565],[104.31219,31.42658],[104.31099,31.42772],[104.30704,31.42955],[104.30523,31.43059],[104.30048,31.43208],[104.29138,31.43328],[104.29031,31.43357],[104.28877,31.4342],[104.28576,31.43632],[104.28315,31.43987],[104.28202,31.44177],[104.28108,31.44405],[104.27961,31.44577],[104.27681,31.44979],[104.27507,31.45392],[104.27231,31.45791],[104.27155,31.45848],[104.27088,31.45933],[104.26931,31.46045],[104.26722,31.46158],[104.2652,31.46223],[104.26001,31.46118],[104.25709,31.45942],[104.25584,31.45903],[104.25368,31.45898],[104.25227,31.45915],[104.2482,31.46098],[104.24392,31.46231],[104.23671,31.46221],[104.23553,31.46276],[104.23458,31.46485],[104.23304,31.46749],[104.23284,31.46869],[104.23297,31.46995],[104.23284,31.47236],[104.23111,31.47677],[104.22931,31.48004],[104.22665,31.48417],[104.22524,31.48578],[104.22331,31.48848],[104.22156,31.4906],[104.22057,31.49146],[104.21677,31.49313],[104.21677,31.49427],[104.2173,31.49571],[104.2175,31.49679],[104.21723,31.49731],[104.21176,31.49807],[104.20949,31.49899],[104.20782,31.50014],[104.20769,31.50049],[104.20883,31.50541],[104.20863,31.50644],[104.20796,31.50776],[104.20509,31.51138],[104.20369,31.51373],[104.20289,31.51453],[104.19842,31.51632],[104.19195,31.5184],[104.18908,31.51949],[104.18553,31.52031],[104.18261,31.52026],[104.1814,31.52008],[104.17539,31.51758],[104.17253,31.51381],[104.17106,31.51243],[104.1706,31.51237],[104.16572,31.51565],[104.16406,31.5164],[104.16238,31.51698],[104.15804,31.51751],[104.15638,31.51797],[104.15591,31.5182],[104.15571,31.51848],[104.15571,31.51906],[104.15744,31.52347],[104.15811,31.5265],[104.15784,31.52811],[104.15611,31.53149],[104.15544,31.53447],[104.15384,31.53642],[104.15291,31.53889],[104.1523,31.54175],[104.15343,31.54382],[104.15524,31.54587],[104.15651,31.54782],[104.15958,31.55096],[104.16091,31.55429],[104.16111,31.55612],[104.15991,31.55824],[104.15884,31.55927],[104.15624,31.56071],[104.15311,31.56192],[104.14902,31.56279],[104.14695,31.56382],[104.14662,31.56406],[104.14609,31.56491],[104.14582,31.56577],[104.14562,31.57052],[104.14622,31.57574],[104.14602,31.57786],[104.14575,31.57998],[104.14522,31.58188],[104.14348,31.58658],[104.14274,31.58761],[104.14114,31.58893],[104.14,31.59025],[104.13894,31.59117],[104.13719,31.59243],[104.13346,31.59449],[104.13098,31.59662],[104.12984,31.59811],[104.12977,31.59874],[104.13024,31.60006],[104.13278,31.60532],[104.13091,31.60728],[104.12924,31.60796],[104.12489,31.60871],[104.12296,31.60969],[104.12262,31.61044],[104.12255,31.61193],[104.12215,31.61377],[104.12134,31.61537],[104.1186,31.61887],[104.11371,31.62265],[104.10763,31.62575],[104.10602,31.62694],[104.10408,31.6289],[104.10274,31.63061],[104.10166,31.63319],[104.10139,31.63451],[104.10159,31.63801],[104.10092,31.64007],[104.10032,31.64373],[104.09944,31.64557],[104.09843,31.6486],[104.09877,31.65032],[104.10071,31.6557],[104.10205,31.65869],[104.10627,31.66522],[104.10827,31.66785],[104.11114,31.67026],[104.11221,31.67094],[104.11462,31.67306],[104.11542,31.67392],[104.1167,31.67604],[104.11704,31.67695],[104.11697,31.67775],[104.11616,31.67936],[104.11576,31.68062],[104.11603,31.68194],[104.1165,31.68299],[104.11591,31.68386],[104.11515,31.68459],[104.10506,31.68935],[104.10025,31.69145],[104.09713,31.69312],[104.09497,31.69365],[104.09403,31.69357],[104.09483,31.69388],[104.09832,31.69645],[104.09977,31.69786],[104.10326,31.70279],[104.10387,31.70527],[104.10314,31.71029],[104.10742,31.71094],[104.11252,31.71108],[104.11413,31.71071],[104.11555,31.70987],[104.11755,31.70778],[104.11862,31.70717],[104.11984,31.70702],[104.12184,31.70739],[104.12568,31.70929],[104.12731,31.71132],[104.12915,31.71244],[104.13731,31.71268],[104.14003,31.71369],[104.14266,31.71546],[104.14564,31.72014],[104.14608,31.72112],[104.1466,31.72463],[104.14768,31.72711],[104.14853,31.72775],[104.14966,31.72817],[104.15327,31.72828],[104.15648,31.72873],[104.15986,31.72975],[104.16213,31.73024],[104.16545,31.73139],[104.16718,31.73176],[104.17107,31.7323]]]]}},{"type":"Feature","properties":{"adcode":"510722","name":"三台县","level":"district","center":[105.093722,31.095826],"site":"https://geojson.hxkj.vip"},"geometry":{"type":"MultiPolygon","coordinates":[[[[104.75638,31.14438],[104.75628,31.14422],[104.75535,31.14423],[104.75527,31.145],[104.75627,31.14509],[104.75636,31.14453],[104.75638,31.14438]]],[[[104.90684,30.9409],[104.90713,30.94098],[104.90711,30.94038],[104.90647,30.93992],[104.90634,30.94044],[104.90662,30.94078],[104.90684,30.9409]]],[[[104.90614,30.93964],[104.90589,30.93953],[104.90615,30.93974],[104.90614,30.93964]]],[[[104.87666,30.9366],[104.87696,30.93637],[104.87687,30.93619],[104.87657,30.93643],[104.87658,30.93663],[104.87666,30.9366]]],[[[104.89373,30.93639],[104.89374,30.93615],[104.89361,30.93624],[104.8937,30.93643],[104.89373,30.93639]]],[[[104.8752,30.93611],[104.8754,30.93605],[104.87535,30.93575],[104.87502,30.93582],[104.87517,30.93611],[104.8752,30.93611]]],[[[104.8936,30.935],[104.89342,30.93488],[104.89357,30.935],[104.8936,30.935]]],[[[104.87566,30.93455],[104.87556,30.93424],[104.87518,30.93432],[104.87518,30.93469],[104.87565,30.9346],[104.87566,30.93455]]],[[[104.96396,30.84757],[104.96259,30.849],[104.96161,30.85103],[104.96141,30.85334],[104.96016,30.85684],[104.95988,30.86327],[104.96039,30.86502],[104.96457,30.87293],[104.96627,30.87718],[104.9662,30.8783],[104.9658,30.88011],[104.96593,30.88163],[104.96573,30.88389],[104.96689,30.88824],[104.96747,30.89496],[104.9655,30.89564],[104.95185,30.89675],[104.94968,30.89743],[104.94534,30.89747],[104.94475,30.89825],[104.94449,30.89961],[104.94448,30.90124],[104.94499,30.90452],[104.94603,30.90796],[104.94688,30.91011],[104.9474,30.91214],[104.94726,30.91389],[104.94673,30.91604],[104.94607,30.9179],[104.94204,30.92674],[104.94204,30.92657],[104.9394,30.93136],[104.93603,30.93823],[104.93284,30.94289],[104.93269,30.94425],[104.93237,30.94531],[104.93169,30.94579],[104.9301,30.94603],[104.92859,30.94596],[104.92435,30.94462],[104.92063,30.94478],[104.91924,30.94437],[104.9178,30.9443],[104.91244,30.94458],[104.90966,30.94434],[104.90798,30.94502],[104.90719,30.94502],[104.90623,30.94468],[104.90445,30.94314],[104.90322,30.943],[104.90099,30.94406],[104.89976,30.9444],[104.89904,30.94413],[104.89789,30.94334],[104.89721,30.94255],[104.89698,30.94193],[104.89877,30.93908],[104.89884,30.93795],[104.89833,30.93682],[104.89738,30.93623],[104.89619,30.93623],[104.895,30.93654],[104.89424,30.93743],[104.89368,30.93777],[104.89305,30.93781],[104.89253,30.93763],[104.8903,30.93541],[104.88952,30.93503],[104.88872,30.93537],[104.88824,30.93602],[104.88773,30.93784],[104.88713,30.9388],[104.88347,30.94039],[104.88224,30.94118],[104.88133,30.94138],[104.88081,30.94114],[104.88009,30.94011],[104.87851,30.93895],[104.8774,30.93765],[104.87693,30.93734],[104.87601,30.93755],[104.87537,30.93796],[104.87478,30.93868],[104.87434,30.93957],[104.87374,30.93998],[104.87184,30.94],[104.87096,30.94048],[104.87049,30.9413],[104.87053,30.94512],[104.87017,30.94643],[104.86969,30.94688],[104.86889,30.94712],[104.86715,30.94719],[104.86524,30.94748],[104.86453,30.94724],[104.8633,30.94601],[104.8621,30.94539],[104.86135,30.94556],[104.86008,30.94635],[104.8577,30.94916],[104.85659,30.94995],[104.85576,30.94991],[104.8552,30.94954],[104.85397,30.94769],[104.85147,30.94618],[104.84747,30.94423],[104.84648,30.94307],[104.84517,30.94228],[104.84371,30.94218],[104.84243,30.94287],[104.84172,30.9441],[104.84136,30.94551],[104.84151,30.9465],[104.84227,30.94742],[104.8478,30.95205],[104.85474,30.95946],[104.85475,30.95934],[104.85559,30.96098],[104.85597,30.96301],[104.85597,30.96471],[104.85544,30.96724],[104.8528,30.97306],[104.85142,30.9748],[104.8485,30.97798],[104.84761,30.97971],[104.84629,30.9814],[104.84249,30.98343],[104.83595,30.98449],[104.82906,30.98714],[104.82843,30.98986],[104.82711,30.99309],[104.82589,30.99764],[104.82879,31.00365],[104.83026,31.00536],[104.83174,31.00672],[104.83448,31.01031],[104.83716,31.01248],[104.83816,31.01344],[104.83836,31.01384],[104.83817,31.01453],[104.83744,31.01528],[104.83168,31.01894],[104.83043,31.01946],[104.82917,31.02045],[104.82739,31.02212],[104.82659,31.02322],[104.82594,31.0236],[104.82489,31.02535],[104.82431,31.02736],[104.82418,31.0288],[104.82656,31.03652],[104.82697,31.03863],[104.82727,31.04236],[104.82728,31.04483],[104.82646,31.05068],[104.82576,31.05361],[104.82458,31.05661],[104.82379,31.05821],[104.81984,31.06421],[104.81852,31.06553],[104.81746,31.06588],[104.8152,31.0663],[104.81108,31.06633],[104.80683,31.06711],[104.80604,31.06804],[104.8044,31.07057],[104.80182,31.07352],[104.79943,31.0745],[104.79572,31.07642],[104.79321,31.07868],[104.79033,31.08248],[104.78666,31.08468],[104.78467,31.0851],[104.78374,31.0855],[104.78175,31.08763],[104.77851,31.09058],[104.77534,31.09375],[104.77495,31.09496],[104.77424,31.098],[104.77478,31.0996],[104.77639,31.10079],[104.77826,31.10251],[104.78314,31.1062],[104.78662,31.10939],[104.78836,31.11167],[104.7889,31.11282],[104.7904,31.11457],[104.79187,31.11839],[104.79103,31.12594],[104.79066,31.12648],[104.78956,31.12929],[104.78896,31.13032],[104.78809,31.13077],[104.78704,31.13082],[104.78248,31.1318],[104.77884,31.13368],[104.77608,31.13439],[104.77166,31.13433],[104.76877,31.13338],[104.76232,31.13203],[104.76104,31.13205],[104.75994,31.1324],[104.7591,31.13287],[104.75884,31.13334],[104.75837,31.13529],[104.75753,31.13653],[104.75717,31.13738],[104.75693,31.13902],[104.75717,31.13947],[104.75879,31.14042],[104.76,31.14127],[104.76008,31.14151],[104.75997,31.1419],[104.75962,31.14227],[104.75738,31.14346],[104.7574,31.14497],[104.75624,31.14679],[104.75619,31.15068],[104.75456,31.15705],[104.75369,31.15774],[104.75249,31.15832],[104.74851,31.15995],[104.74719,31.16184],[104.74541,31.16557],[104.74435,31.16701],[104.74388,31.1673],[104.74355,31.16719],[104.74179,31.16439],[104.741,31.16388],[104.73953,31.16371],[104.73867,31.16412],[104.73707,31.1655],[104.73541,31.16637],[104.73119,31.16587],[104.72865,31.16364],[104.72818,31.16256],[104.72796,31.16032],[104.72743,31.16004],[104.72733,31.15982],[104.72739,31.15958],[104.72799,31.15911],[104.72794,31.15837],[104.72728,31.1582],[104.72206,31.15986],[104.71989,31.16224],[104.7193,31.16471],[104.71935,31.17291],[104.71951,31.17612],[104.72012,31.17859],[104.72027,31.18053],[104.71916,31.18478],[104.71871,31.18736],[104.71859,31.18971],[104.71907,31.19188],[104.71988,31.19331],[104.72022,31.19355],[104.72316,31.19445],[104.72383,31.19497],[104.72338,31.19674],[104.72225,31.19812],[104.71913,31.20301],[104.71676,31.2084],[104.71519,31.21311],[104.71399,31.21611],[104.71394,31.21732],[104.71437,31.21854],[104.71482,31.21909],[104.71654,31.22052],[104.71895,31.22149],[104.7299,31.22264],[104.73083,31.22296],[104.73138,31.22408],[104.73138,31.22551],[104.73229,31.22886],[104.73341,31.22982],[104.73415,31.2303],[104.74027,31.2306],[104.74114,31.23129],[104.74196,31.2326],[104.74123,31.2349],[104.74038,31.23857],[104.73988,31.24184],[104.74005,31.24821],[104.74124,31.25207],[104.74229,31.2545],[104.74472,31.25787],[104.74619,31.26033],[104.74916,31.26347],[104.7497,31.26427],[104.74998,31.26565],[104.75033,31.26971],[104.75001,31.27212],[104.74877,31.27511],[104.7479,31.2762],[104.74571,31.27821],[104.74311,31.27954],[104.73965,31.28071],[104.73578,31.28119],[104.73729,31.28276],[104.73986,31.28446],[104.74442,31.28671],[104.74752,31.2876],[104.75119,31.28842],[104.75428,31.28954],[104.76045,31.29108],[104.76312,31.29157],[104.76813,31.29192],[104.77515,31.29293],[104.7779,31.29411],[104.77985,31.29535],[104.78201,31.29733],[104.78423,31.29868],[104.78765,31.29984],[104.7898,31.30125],[104.79321,31.30259],[104.79482,31.30252],[104.79794,31.3018],[104.80228,31.30145],[104.80373,31.30155],[104.80364,31.30401],[104.80254,31.30598],[104.80057,31.3087],[104.79952,31.31048],[104.79946,31.31084],[104.8002,31.31151],[104.80188,31.31167],[104.80394,31.31316],[104.80637,31.31878],[104.80712,31.3198],[104.80846,31.32093],[104.81519,31.32073],[104.81613,31.3212],[104.81753,31.32115],[104.82073,31.32225],[104.82408,31.32459],[104.82456,31.32569],[104.82311,31.32967],[104.82295,31.33146],[104.82439,31.33242],[104.82631,31.3327],[104.82851,31.33228],[104.82948,31.33139],[104.8319,31.33081],[104.83375,31.3318],[104.83822,31.33551],[104.84062,31.33771],[104.84189,31.34073],[104.84588,31.34651],[104.84636,31.34788],[104.8462,31.3487],[104.84572,31.34953],[104.84462,31.35028],[104.84456,31.35259],[104.84481,31.35551],[104.84509,31.35605],[104.84924,31.36115],[104.85739,31.36985],[104.85954,31.37124],[104.86113,31.37267],[104.86147,31.37347],[104.8612,31.37445],[104.8606,31.37559],[104.86073,31.37617],[104.86517,31.37806],[104.86683,31.37777],[104.86871,31.37702],[104.87038,31.37668],[104.87253,31.37715],[104.87359,31.37765],[104.87372,31.3784],[104.87325,31.37989],[104.87197,31.38281],[104.87143,31.38499],[104.8717,31.38625],[104.87246,31.38796],[104.87419,31.38959],[104.8768,31.39017],[104.87731,31.38981],[104.87811,31.3886],[104.87938,31.38809],[104.88125,31.38832],[104.88259,31.38877],[104.88286,31.38935],[104.88279,31.39078],[104.88292,31.39198],[104.88455,31.39405],[104.88502,31.3952],[104.88502,31.39606],[104.88388,31.39766],[104.88247,31.39863],[104.87987,31.39909],[104.87773,31.3999],[104.87773,31.4007],[104.87819,31.40161],[104.88393,31.40901],[104.8858,31.41056],[104.88741,31.41067],[104.88887,31.41022],[104.88988,31.40924],[104.8931,31.40122],[104.89357,31.39938],[104.89463,31.39859],[104.89693,31.3988],[104.89908,31.3996],[104.9029,31.40331],[104.90597,31.40491],[104.90905,31.4052],[104.91281,31.40691],[104.91804,31.41311],[104.92032,31.41388],[104.92123,31.41451],[104.92226,31.41497],[104.92367,31.41535],[104.92454,31.41489],[104.92936,31.4106],[104.93096,31.40973],[104.93336,31.40942],[104.93619,31.41002],[104.9374,31.41058],[104.93869,31.41177],[104.93986,31.41377],[104.94223,31.4158],[104.9444,31.41728],[104.94656,31.41794],[104.94829,31.41798],[104.9513,31.41681],[104.95347,31.41427],[104.95578,31.41223],[104.95765,31.41147],[104.96187,31.41132],[104.96462,31.41147],[104.9673,31.41139],[104.97037,31.41022],[104.97237,31.40882],[104.97375,31.40732],[104.97401,31.40657],[104.97406,31.40548],[104.97337,31.40469],[104.97253,31.40177],[104.97229,31.39959],[104.97306,31.39718],[104.97417,31.39557],[104.97583,31.39418],[104.97849,31.3925],[104.98122,31.39138],[104.98363,31.39072],[104.98566,31.39045],[104.99195,31.39113],[104.99289,31.39099],[104.99722,31.38487],[104.99908,31.3832],[105.00552,31.38116],[105.00719,31.37954],[105.0082,31.37916],[105.00914,31.3793],[105.0107,31.38088],[105.01182,31.38176],[105.01275,31.38207],[105.01396,31.38198],[105.01457,31.38176],[105.01567,31.38098],[105.01637,31.37991],[105.01766,31.37714],[105.01755,31.37616],[105.01703,31.37558],[105.01451,31.37466],[105.01426,31.37391],[105.01429,31.37305],[105.0172,31.3699],[105.01806,31.36836],[105.01964,31.36746],[105.02132,31.36714],[105.02345,31.36799],[105.02716,31.3706],[105.02853,31.37105],[105.02998,31.37099],[105.03058,31.37047],[105.02914,31.36859],[105.02564,31.36598],[105.02519,31.36488],[105.02503,31.36358],[105.02625,31.36132],[105.02883,31.35795],[105.03218,31.35542],[105.03247,31.35597],[105.03321,31.35597],[105.03562,31.35504],[105.03689,31.3551],[105.03878,31.3555],[105.03964,31.35522],[105.04138,31.35424],[105.0436,31.35429],[105.0446,31.35384],[105.04514,31.35303],[105.04486,31.35166],[105.04493,31.35114],[105.04533,31.35068],[105.04787,31.35005],[105.05034,31.34701],[105.05155,31.34666],[105.05269,31.34678],[105.05342,31.34729],[105.05376,31.34815],[105.0533,31.3505],[105.05351,31.35096],[105.05411,31.3513],[105.05551,31.35119],[105.05645,31.3509],[105.05732,31.35027],[105.05861,31.34656],[105.05831,31.34526],[105.05846,31.34455],[105.05884,31.34442],[105.05975,31.34461],[105.06134,31.34575],[105.06168,31.34621],[105.06335,31.34673],[105.06585,31.34653],[105.06676,31.34667],[105.06601,31.34767],[105.06561,31.34859],[105.0661,31.35048],[105.06663,31.35117],[105.06743,31.35174],[105.06824,31.35185],[105.06905,31.35157],[105.07085,31.35013],[105.07186,31.34955],[105.07306,31.34944],[105.07407,31.35001],[105.07609,31.3523],[105.07709,31.35247],[105.07829,31.35183],[105.07902,31.35114],[105.0797,31.35126],[105.08036,31.35188],[105.08017,31.35315],[105.08012,31.35676],[105.08045,31.35779],[105.08113,31.35859],[105.08192,31.35887],[105.08313,31.35984],[105.08387,31.36133],[105.08437,31.36172],[105.08535,31.36173],[105.08835,31.36101],[105.09003,31.36078],[105.09124,31.36074],[105.09173,31.36094],[105.09175,31.36122],[105.09136,31.36185],[105.09129,31.36238],[105.09152,31.3628],[105.09339,31.36369],[105.09522,31.36408],[105.09542,31.36441],[105.09575,31.36682],[105.09596,31.36717],[105.0987,31.36729],[105.1007,31.36781],[105.10436,31.36946],[105.10606,31.36979],[105.10692,31.36972],[105.10741,31.36949],[105.10744,31.369],[105.10603,31.36559],[105.10603,31.36297],[105.10628,31.36248],[105.10831,31.36076],[105.10979,31.35997],[105.11095,31.35956],[105.11138,31.35951],[105.11188,31.35973],[105.11205,31.36031],[105.11154,31.3625],[105.11169,31.36294],[105.11209,31.36325],[105.11403,31.36385],[105.11425,31.36567],[105.11411,31.36658],[105.11342,31.36729],[105.11033,31.36866],[105.10906,31.3696],[105.1087,31.37051],[105.1086,31.37165],[105.1088,31.37406],[105.10857,31.37503],[105.10694,31.37861],[105.1069,31.3797],[105.1074,31.38097],[105.10929,31.38273],[105.11055,31.38332],[105.11381,31.3839],[105.11499,31.38467],[105.11603,31.38561],[105.11667,31.38671],[105.11697,31.38786],[105.1168,31.38923],[105.11565,31.39242],[105.11466,31.394],[105.11422,31.39531],[105.11413,31.39634],[105.11497,31.39722],[105.11829,31.39854],[105.1193,31.39863],[105.12052,31.39837],[105.12184,31.39737],[105.12343,31.39587],[105.12531,31.39447],[105.12671,31.39451],[105.12735,31.39596],[105.12822,31.39681],[105.12843,31.39767],[105.1273,31.39911],[105.12817,31.40025],[105.12797,31.40082],[105.12734,31.40125],[105.12686,31.40256],[105.12786,31.40373],[105.12915,31.40448],[105.13074,31.4049],[105.1327,31.40571],[105.13467,31.4059],[105.13686,31.40531],[105.13844,31.40512],[105.14049,31.40621],[105.14772,31.41291],[105.1524,31.41354],[105.15414,31.41406],[105.15498,31.41496],[105.15467,31.41607],[105.15362,31.41711],[105.15204,31.41789],[105.145,31.41804],[105.14235,31.4187],[105.14115,31.42],[105.1407,31.42169],[105.14093,31.4235],[105.1426,31.42467],[105.14517,31.42479],[105.14788,31.42439],[105.1494,31.42471],[105.15159,31.42678],[105.1533,31.43304],[105.15323,31.43453],[105.15248,31.43615],[105.15095,31.43764],[105.15049,31.43919],[105.1504,31.44005],[105.15277,31.44164],[105.15421,31.44224],[105.15642,31.44228],[105.15755,31.44213],[105.16052,31.44121],[105.1664,31.44108],[105.17065,31.44202],[105.17237,31.44222],[105.17398,31.44225],[105.17472,31.44203],[105.17581,31.44119],[105.17753,31.43928],[105.17896,31.43827],[105.18052,31.43755],[105.18186,31.43717],[105.18312,31.43743],[105.18399,31.43738],[105.18428,31.4367],[105.18287,31.43433],[105.1827,31.43335],[105.18272,31.43266],[105.18294,31.43209],[105.18328,31.43175],[105.1851,31.43087],[105.18973,31.43032],[105.19125,31.43052],[105.19507,31.43036],[105.19707,31.43051],[105.199,31.43077],[105.20038,31.43137],[105.20103,31.4323],[105.20156,31.43506],[105.20232,31.43622],[105.20323,31.43721],[105.20482,31.43786],[105.20667,31.43836],[105.20844,31.43855],[105.21261,31.44035],[105.21271,31.43965],[105.21346,31.4389],[105.21361,31.43559],[105.21329,31.43358],[105.21246,31.43209],[105.21012,31.43112],[105.20747,31.43074],[105.20618,31.4301],[105.20565,31.42938],[105.20573,31.42835],[105.20692,31.42627],[105.20813,31.42347],[105.20903,31.4201],[105.20895,31.41828],[105.2081,31.41747],[105.20753,31.41608],[105.20744,31.41505],[105.2078,31.41362],[105.20877,31.4125],[105.21156,31.41077],[105.21361,31.40875],[105.21484,31.40739],[105.21688,31.40394],[105.21772,31.4028],[105.22355,31.39936],[105.22416,31.39862],[105.22453,31.39777],[105.22461,31.39708],[105.22442,31.39662],[105.22371,31.39575],[105.22316,31.39425],[105.22313,31.39253],[105.22338,31.39081],[105.22321,31.38978],[105.22354,31.38755],[105.22329,31.38663],[105.22226,31.38552],[105.2212,31.38522],[105.22001,31.38439],[105.21938,31.38318],[105.21922,31.38157],[105.21865,31.38036],[105.21722,31.37896],[105.21427,31.37657],[105.21396,31.37555],[105.21441,31.37314],[105.21554,31.37139],[105.21689,31.36989],[105.2184,31.36904],[105.21999,31.36891],[105.22127,31.36923],[105.22203,31.36923],[105.22271,31.36903],[105.22324,31.36851],[105.22444,31.36637],[105.2252,31.36597],[105.22897,31.36545],[105.22973,31.36499],[105.23033,31.36402],[105.23108,31.3622],[105.23108,31.36064],[105.23455,31.35713],[105.23591,31.35635],[105.23704,31.35621],[105.23893,31.35679],[105.24097,31.35705],[105.24294,31.35685],[105.24627,31.35607],[105.25074,31.35473],[105.25411,31.35445],[105.25682,31.35396],[105.25938,31.35301],[105.26198,31.35169],[105.26764,31.35007],[105.26878,31.3495],[105.26973,31.34862],[105.27049,31.34762],[105.27092,31.34651],[105.27092,31.34558],[105.27059,31.34463],[105.26901,31.34331],[105.26797,31.3428],[105.26581,31.34248],[105.26343,31.34272],[105.26131,31.3437],[105.26046,31.34385],[105.25639,31.34367],[105.25438,31.3435],[105.2506,31.34272],[105.2492,31.34226],[105.24879,31.34182],[105.24876,31.34137],[105.24898,31.34068],[105.24969,31.33962],[105.25123,31.3385],[105.25299,31.3376],[105.2592,31.33551],[105.26258,31.33484],[105.26505,31.33468],[105.26716,31.33247],[105.26837,31.33027],[105.26867,31.32819],[105.26775,31.3265],[105.26533,31.32573],[105.25597,31.32574],[105.25163,31.32355],[105.25052,31.32267],[105.25001,31.32197],[105.2495,31.32065],[105.24927,31.31898],[105.2498,31.31681],[105.25073,31.31482],[105.25378,31.31053],[105.25471,31.30797],[105.25612,31.30541],[105.25636,31.30404],[105.25605,31.30289],[105.2551,31.3011],[105.25441,31.29931],[105.25405,31.29764],[105.25422,31.29655],[105.25512,31.29502],[105.25657,31.29345],[105.25971,31.2911],[105.26235,31.28966],[105.26318,31.28882],[105.26408,31.28746],[105.26419,31.28609],[105.26389,31.28459],[105.26339,31.28315],[105.26251,31.28141],[105.262,31.27773],[105.26051,31.27318],[105.26029,31.27146],[105.2606,31.26974],[105.26112,31.26809],[105.2611,31.26614],[105.26061,31.26458],[105.25976,31.26371],[105.25845,31.26299],[105.25582,31.261],[105.25373,31.2597],[105.25285,31.25951],[105.25085,31.25941],[105.24887,31.2588],[105.24789,31.25804],[105.24731,31.25717],[105.247,31.25602],[105.24705,31.25459],[105.24733,31.25396],[105.24795,31.25329],[105.24863,31.25289],[105.24937,31.25285],[105.25229,31.25365],[105.25536,31.25342],[105.25664,31.25287],[105.25753,31.25215],[105.25829,31.25096],[105.25845,31.25016],[105.25955,31.24892],[105.26134,31.24751],[105.26333,31.24861],[105.26546,31.25237],[105.26789,31.25496],[105.26956,31.25587],[105.27333,31.2547],[105.27711,31.2521],[105.28118,31.24755],[105.28631,31.24093],[105.28644,31.24082],[105.28763,31.24104],[105.28903,31.2409],[105.29019,31.24006],[105.29111,31.23842],[105.2919,31.2362],[105.29268,31.23461],[105.29319,31.23307],[105.29288,31.23215],[105.29163,31.23115],[105.28236,31.22518],[105.28104,31.22458],[105.27738,31.22365],[105.27335,31.22236],[105.27216,31.22183],[105.26954,31.21954],[105.26718,31.21801],[105.26572,31.21763],[105.26418,31.21772],[105.26307,31.2169],[105.26277,31.21534],[105.26219,31.21441],[105.26049,31.21346],[105.25941,31.2135],[105.25856,31.21302],[105.25818,31.21233],[105.25834,31.21102],[105.25808,31.20855],[105.25725,31.20698],[105.25635,31.20582],[105.25605,31.20473],[105.25626,31.20393],[105.25756,31.20292],[105.26046,31.20194],[105.26291,31.20229],[105.26485,31.20234],[105.26642,31.20283],[105.26872,31.20245],[105.27002,31.20155],[105.27085,31.20037],[105.27034,31.19692],[105.2705,31.19589],[105.27101,31.19452],[105.27171,31.19322],[105.27274,31.19186],[105.27391,31.1908],[105.27488,31.18956],[105.27563,31.18837],[105.27615,31.18683],[105.27591,31.18551],[105.27501,31.18423],[105.27438,31.1829],[105.27434,31.18198],[105.27606,31.18001],[105.27754,31.17958],[105.2792,31.18013],[105.28111,31.18103],[105.28303,31.18158],[105.28524,31.18162],[105.28997,31.18223],[105.29435,31.18335],[105.29534,31.18343],[105.29682,31.1834],[105.29914,31.18184],[105.29983,31.18077],[105.30005,31.17986],[105.29989,31.17859],[105.29938,31.17761],[105.29559,31.17421],[105.29382,31.17303],[105.29059,31.17136],[105.28561,31.16753],[105.28463,31.16671],[105.28418,31.16596],[105.28413,31.16515],[105.28562,31.16215],[105.2896,31.16051],[105.29075,31.15984],[105.29152,31.15865],[105.29236,31.15718],[105.29268,31.15529],[105.29376,31.15199],[105.29396,31.14942],[105.29448,31.14765],[105.29552,31.14607],[105.29662,31.14483],[105.29805,31.14406],[105.29873,31.14326],[105.30108,31.13798],[105.30144,31.13679],[105.30148,31.13575],[105.30095,31.135],[105.29997,31.13418],[105.29845,31.13369],[105.29252,31.13311],[105.2892,31.13224],[105.28814,31.13177],[105.28736,31.13112],[105.28718,31.13014],[105.28808,31.12901],[105.29057,31.12837],[105.29138,31.12799],[105.29351,31.12815],[105.29499,31.12795],[105.29655,31.1274],[105.29704,31.12638],[105.29743,31.12438],[105.29928,31.12219],[105.29992,31.12082],[105.29994,31.11756],[105.30112,31.11466],[105.30134,31.11282],[105.30093,31.11271],[105.2999,31.11108],[105.29959,31.11015],[105.29889,31.10894],[105.29689,31.10632],[105.29551,31.10549],[105.29167,31.10409],[105.28915,31.1037],[105.28446,31.10418],[105.28331,31.10473],[105.28201,31.10619],[105.28063,31.10743],[105.27943,31.10781],[105.27796,31.10766],[105.27617,31.10705],[105.27427,31.10581],[105.27172,31.10381],[105.26902,31.10239],[105.26617,31.10158],[105.26365,31.10142],[105.2591,31.10151],[105.25374,31.10249],[105.2499,31.1038],[105.24723,31.10443],[105.2461,31.10435],[105.24378,31.10351],[105.24119,31.10185],[105.24063,31.10201],[105.23982,31.10269],[105.23878,31.10414],[105.23728,31.10507],[105.2353,31.10564],[105.23444,31.1057],[105.22962,31.10469],[105.22838,31.10476],[105.22688,31.10543],[105.22489,31.10717],[105.22395,31.10767],[105.22283,31.10754],[105.22097,31.10693],[105.21921,31.10575],[105.21813,31.1053],[105.21778,31.10458],[105.21629,31.10266],[105.21548,31.10075],[105.21284,31.09721],[105.21156,31.09581],[105.20944,31.09503],[105.20785,31.09483],[105.20585,31.09502],[105.20384,31.09544],[105.20217,31.09593],[105.20007,31.09704],[105.1992,31.09708],[105.19835,31.09655],[105.19746,31.09533],[105.19742,31.09424],[105.197,31.09269],[105.19563,31.09151],[105.19394,31.09034],[105.19268,31.08762],[105.19325,31.08591],[105.19632,31.08333],[105.19807,31.08222],[105.19924,31.08103],[105.19973,31.07978],[105.19992,31.07795],[105.19991,31.076],[105.19909,31.07427],[105.19806,31.07281],[105.19655,31.06981],[105.1959,31.06647],[105.19421,31.06254],[105.19312,31.06143],[105.19235,31.06022],[105.1906,31.05629],[105.18983,31.05502],[105.18913,31.05397],[105.18815,31.05309],[105.18574,31.05139],[105.18429,31.05079],[105.17972,31.04991],[105.17671,31.04837],[105.17554,31.04748],[105.17496,31.04673],[105.17472,31.04598],[105.17601,31.03992],[105.17597,31.03901],[105.17522,31.03721],[105.17452,31.036],[105.17427,31.03519],[105.1743,31.03439],[105.17473,31.03354],[105.17554,31.03275],[105.17702,31.03198],[105.17984,31.03122],[105.18079,31.03067],[105.18134,31.02959],[105.18158,31.02804],[105.18155,31.02437],[105.18191,31.02295],[105.18311,31.02173],[105.18602,31.01817],[105.18692,31.01648],[105.18722,31.01512],[105.18631,31.01013],[105.18623,31.0086],[105.18863,31.001],[105.18922,30.99779],[105.1901,30.99659],[105.1928,30.99461],[105.19408,30.99318],[105.19468,30.99207],[105.19421,30.98792],[105.1948,30.98459],[105.19486,30.983],[105.19525,30.98057],[105.19466,30.97761],[105.19431,30.97646],[105.19403,30.97606],[105.19411,30.97573],[105.1938,30.97505],[105.19406,30.97457],[105.19395,30.97304],[105.19424,30.97217],[105.19411,30.97064],[105.19469,30.96812],[105.1946,30.96557],[105.19378,30.9647],[105.19243,30.96461],[105.19072,30.96408],[105.18966,30.96316],[105.18661,30.96408],[105.18327,30.96415],[105.17998,30.96298],[105.17808,30.9615],[105.17736,30.96018],[105.17737,30.95702],[105.17865,30.953],[105.18024,30.94943],[105.18103,30.94805],[105.1839,30.94508],[105.18748,30.93978],[105.18885,30.93829],[105.18997,30.93658],[105.191,30.93542],[105.19298,30.93199],[105.19386,30.92993],[105.19355,30.92871],[105.19368,30.92839],[105.19355,30.92793],[105.19173,30.92651],[105.19147,30.92617],[105.1914,30.9256],[105.19225,30.92415],[105.1929,30.92352],[105.19381,30.92295],[105.19346,30.92105],[105.19374,30.91913],[105.19448,30.91707],[105.19675,30.91624],[105.19986,30.91538],[105.20677,30.91288],[105.20829,30.91106],[105.20922,30.9094],[105.20922,30.90776],[105.20883,30.90617],[105.20783,30.90512],[105.20578,30.90362],[105.2055,30.90298],[105.20515,30.90289],[105.20329,30.90125],[105.19925,30.89932],[105.19571,30.89797],[105.19424,30.89697],[105.19424,30.89572],[105.19469,30.89421],[105.19757,30.88984],[105.19909,30.88808],[105.20015,30.88619],[105.20166,30.88449],[105.20288,30.88345],[105.20402,30.88275],[105.20502,30.88239],[105.20614,30.88226],[105.20696,30.88296],[105.20795,30.88418],[105.20879,30.88443],[105.2099,30.88452],[105.21124,30.88389],[105.21215,30.88245],[105.21409,30.88008],[105.21477,30.87931],[105.21551,30.87894],[105.21641,30.87941],[105.21715,30.88046],[105.21724,30.88183],[105.21854,30.88393],[105.22065,30.88513],[105.22115,30.88509],[105.2216,30.88463],[105.22164,30.88411],[105.22263,30.88348],[105.22202,30.8814],[105.22208,30.87993],[105.22251,30.8791],[105.22319,30.87845],[105.22406,30.87807],[105.22636,30.87798],[105.22867,30.87738],[105.22954,30.8739],[105.22952,30.87294],[105.23067,30.86878],[105.23039,30.86735],[105.22985,30.86627],[105.22998,30.86581],[105.23129,30.86477],[105.23182,30.86385],[105.2318,30.8627],[105.23091,30.86053],[105.2305,30.85898],[105.23049,30.85755],[105.23086,30.85678],[105.23048,30.85605],[105.23025,30.85292],[105.23046,30.85096],[105.23115,30.84883],[105.2323,30.84627],[105.23435,30.84436],[105.23607,30.84232],[105.23957,30.83877],[105.24055,30.83722],[105.24215,30.83518],[105.24349,30.83302],[105.24413,30.8314],[105.24548,30.83075],[105.2484,30.83099],[105.25117,30.83187],[105.25305,30.83211],[105.25495,30.83136],[105.25683,30.82947],[105.26044,30.82288],[105.26077,30.82105],[105.26063,30.81822],[105.26117,30.81463],[105.26212,30.81082],[105.26201,30.80878],[105.26225,30.80659],[105.26373,30.80229],[105.26382,30.80048],[105.26432,30.79925],[105.26466,30.79741],[105.26572,30.79575],[105.26702,30.79455],[105.26805,30.79323],[105.26873,30.79127],[105.2687,30.78879],[105.26777,30.78622],[105.26744,30.78304],[105.26645,30.78019],[105.26591,30.77786],[105.26586,30.77565],[105.26756,30.77277],[105.26857,30.77038],[105.26983,30.76862],[105.27017,30.76677],[105.26993,30.76484],[105.2685,30.76298],[105.26734,30.76114],[105.26702,30.75943],[105.26725,30.75834],[105.27003,30.7562],[105.27124,30.75557],[105.27219,30.75481],[105.27257,30.75352],[105.27236,30.75238],[105.27195,30.7514],[105.27102,30.75003],[105.27007,30.74914],[105.26612,30.74665],[105.26558,30.74556],[105.26273,30.74173],[105.26163,30.7413],[105.2603,30.74171],[105.25868,30.74301],[105.25747,30.74371],[105.25598,30.7436],[105.25429,30.74315],[105.25206,30.74183],[105.24863,30.73919],[105.24598,30.73538],[105.2452,30.73388],[105.24476,30.73206],[105.24464,30.73014],[105.24483,30.7289],[105.24451,30.72737],[105.24403,30.72611],[105.24286,30.72584],[105.24067,30.72646],[105.23652,30.7288],[105.23175,30.73035],[105.23033,30.73126],[105.2222,30.73202],[105.21868,30.73315],[105.21615,30.73448],[105.21521,30.73468],[105.2148,30.73393],[105.21495,30.73332],[105.21605,30.732],[105.21967,30.72855],[105.2203,30.72767],[105.2196,30.72719],[105.21597,30.72657],[105.21205,30.7265],[105.21062,30.72759],[105.20864,30.72837],[105.20721,30.72946],[105.20555,30.7302],[105.20446,30.73101],[105.20347,30.73148],[105.20243,30.73134],[105.20062,30.73078],[105.19714,30.72818],[105.19191,30.72519],[105.19003,30.72503],[105.18843,30.72446],[105.18685,30.72323],[105.18581,30.72173],[105.1843,30.72016],[105.18204,30.71981],[105.18033,30.72015],[105.17797,30.72166],[105.17499,30.72258],[105.17342,30.7227],[105.17051,30.72063],[105.17039,30.71589],[105.17002,30.7139],[105.16917,30.71229],[105.16872,30.71076],[105.1687,30.7064],[105.16648,30.70661],[105.16349,30.70665],[105.16035,30.70626],[105.15794,30.70632],[105.15681,30.70694],[105.15589,30.70792],[105.15567,30.709],[105.1558,30.70957],[105.15667,30.71115],[105.1573,30.71181],[105.15779,30.71183],[105.15943,30.70971],[105.15992,30.7094],[105.161,30.7093],[105.16163,30.70977],[105.16215,30.71072],[105.16273,30.71345],[105.16259,30.71525],[105.16221,30.71618],[105.16141,30.71664],[105.15845,30.71676],[105.15813,30.71689],[105.15768,30.71743],[105.15757,30.71829],[105.15771,30.71961],[105.15765,30.72265],[105.15863,30.72463],[105.15896,30.72579],[105.15889,30.7263],[105.15806,30.7268],[105.15602,30.72687],[105.15493,30.72652],[105.15441,30.72679],[105.15441,30.72736],[105.15616,30.72944],[105.15684,30.73112],[105.1569,30.73176],[105.15677,30.73213],[105.15608,30.73276],[105.15562,30.73293],[105.15483,30.73294],[105.15312,30.7323],[105.15153,30.73134],[105.15061,30.73121],[105.15006,30.73141],[105.14815,30.73303],[105.14594,30.73554],[105.14464,30.73853],[105.14444,30.74002],[105.14453,30.74175],[105.14434,30.74204],[105.14398,30.74213],[105.14366,30.74202],[105.14208,30.73985],[105.14155,30.73954],[105.13932,30.73856],[105.13892,30.73854],[105.13829,30.73887],[105.13803,30.73926],[105.13794,30.73977],[105.13976,30.74338],[105.14,30.74485],[105.13974,30.7452],[105.13879,30.74529],[105.13724,30.74415],[105.13532,30.7434],[105.13423,30.74333],[105.13333,30.74397],[105.13177,30.74643],[105.13145,30.74671],[105.13062,30.74687],[105.12943,30.74643],[105.12858,30.74644],[105.12708,30.74663],[105.12672,30.74685],[105.12661,30.74744],[105.12678,30.74875],[105.12648,30.74957],[105.12597,30.75005],[105.12473,30.7507],[105.12393,30.75098],[105.12174,30.75107],[105.12114,30.75081],[105.12016,30.75003],[105.11916,30.74991],[105.11867,30.75004],[105.11818,30.75058],[105.1172,30.75403],[105.11747,30.7561],[105.11725,30.75717],[105.11643,30.75856],[105.11526,30.75965],[105.11409,30.76014],[105.11312,30.76019],[105.11258,30.76005],[105.11165,30.75936],[105.11142,30.75893],[105.11125,30.75761],[105.11152,30.75636],[105.11225,30.75531],[105.11241,30.75483],[105.11245,30.75451],[105.11226,30.75423],[105.11172,30.75401],[105.11012,30.75403],[105.10925,30.75463],[105.10848,30.7558],[105.10765,30.75662],[105.10632,30.75688],[105.10578,30.75681],[105.10535,30.75663],[105.10432,30.75489],[105.10388,30.75447],[105.10024,30.75199],[105.0988,30.75154],[105.0983,30.75161],[105.09783,30.75189],[105.09744,30.75238],[105.09691,30.75392],[105.09695,30.75483],[105.09713,30.75532],[105.09774,30.75604],[105.09807,30.75629],[105.0992,30.75646],[105.09987,30.75678],[105.10037,30.75719],[105.1006,30.75761],[105.10068,30.75832],[105.09994,30.75975],[105.09951,30.75998],[105.09807,30.75999],[105.09633,30.75895],[105.095,30.75875],[105.09424,30.75926],[105.09345,30.7609],[105.09294,30.76123],[105.09154,30.76122],[105.08629,30.76054],[105.08565,30.76034],[105.08494,30.75983],[105.08396,30.75731],[105.08318,30.75642],[105.08254,30.75603],[105.08183,30.75586],[105.08113,30.75591],[105.07762,30.758],[105.0751,30.75927],[105.07433,30.76001],[105.07417,30.76072],[105.07427,30.76108],[105.0747,30.76168],[105.0761,30.76288],[105.0764,30.76333],[105.07637,30.76419],[105.07569,30.76507],[105.07469,30.76559],[105.07382,30.76631],[105.07294,30.76744],[105.07225,30.76883],[105.07214,30.77116],[105.07161,30.77176],[105.07051,30.77178],[105.06986,30.77149],[105.06825,30.76958],[105.06368,30.76638],[105.06229,30.76557],[105.06103,30.76521],[105.06009,30.76526],[105.05949,30.76586],[105.05941,30.76623],[105.05954,30.76703],[105.05984,30.76753],[105.06117,30.76848],[105.06299,30.76928],[105.06407,30.77021],[105.06439,30.77086],[105.06446,30.7714],[105.06423,30.77233],[105.06337,30.77361],[105.06269,30.77427],[105.0613,30.77492],[105.06057,30.77508],[105.05984,30.77499],[105.05948,30.7745],[105.05945,30.77407],[105.05982,30.77236],[105.05947,30.77209],[105.05873,30.77223],[105.05725,30.7736],[105.05577,30.77412],[105.05351,30.77379],[105.0486,30.77191],[105.04761,30.77204],[105.04652,30.77266],[105.04597,30.77334],[105.04611,30.77407],[105.04785,30.77657],[105.04782,30.77775],[105.04745,30.77863],[105.04672,30.77895],[105.04406,30.77726],[105.04278,30.77695],[105.04169,30.77697],[105.04076,30.77745],[105.04054,30.77778],[105.0405,30.77863],[105.04121,30.7828],[105.04108,30.78306],[105.04066,30.7833],[105.03995,30.78326],[105.03927,30.78275],[105.03776,30.78059],[105.036,30.77898],[105.03521,30.77837],[105.03415,30.7781],[105.03365,30.77852],[105.03367,30.779],[105.03499,30.78102],[105.03514,30.78187],[105.03495,30.78247],[105.0342,30.78345],[105.03367,30.78376],[105.0329,30.78386],[105.0303,30.78373],[105.02744,30.78289],[105.02617,30.78199],[105.02523,30.7819],[105.02471,30.78207],[105.02285,30.78316],[105.0196,30.78463],[105.01951,30.78487],[105.01965,30.78567],[105.02119,30.78808],[105.02125,30.78904],[105.02103,30.78956],[105.02064,30.79003],[105.02006,30.79038],[105.01699,30.79114],[105.01613,30.79149],[105.01544,30.79228],[105.01413,30.79535],[105.01371,30.79565],[105.01239,30.79578],[105.01104,30.79444],[105.01052,30.79422],[105.00956,30.79421],[105.00831,30.79445],[105.00822,30.79486],[105.00867,30.79641],[105.00868,30.79766],[105.00783,30.79908],[105.00701,30.79964],[105.00621,30.79993],[105.00518,30.80078],[105.00335,30.80112],[105.00178,30.80222],[104.99855,30.80588],[104.99743,30.80802],[104.99645,30.81049],[104.99519,30.81292],[104.99394,30.81488],[104.99288,30.81748],[104.99075,30.82553],[104.98956,30.83112],[104.98917,30.83506],[104.98841,30.84035],[104.98723,30.84324],[104.98809,30.84663],[104.98985,30.84968],[104.99063,30.85183],[104.99069,30.85172],[104.99148,30.85562],[104.99176,30.8581],[104.99166,30.85911],[104.99179,30.86042],[104.99152,30.86335],[104.99198,30.87013],[104.99104,30.87164],[104.9896,30.87192],[104.98783,30.87174],[104.98619,30.87117],[104.98317,30.8685],[104.98147,30.86646],[104.98153,30.86635],[104.98016,30.86448],[104.9776,30.86374],[104.97675,30.86227],[104.97367,30.8614],[104.97229,30.86038],[104.97242,30.85926],[104.97203,30.85745],[104.97066,30.85513],[104.9689,30.85095],[104.96798,30.8493],[104.96674,30.84789],[104.96538,30.84718],[104.96396,30.84757]]]]}},{"type":"Feature","properties":{"adcode":"510723","name":"盐亭县","level":"district","center":[105.389453,31.208362],"site":"https://geojson.hxkj.vip"},"geometry":{"type":"MultiPolygon","coordinates":[[[[105.67811,31.25022],[105.67572,31.2499],[105.67466,31.24945],[105.6738,31.24813],[105.67241,31.2448],[105.67161,31.24141],[105.67043,31.24058],[105.66898,31.23987],[105.66786,31.23893],[105.66715,31.23783],[105.66672,31.2361],[105.66723,31.23422],[105.66854,31.23218],[105.6714,31.23],[105.67287,31.22682],[105.6742,31.22438],[105.67491,31.2194],[105.67474,31.21837],[105.67647,31.21547],[105.67689,31.21428],[105.67637,31.21072],[105.67646,31.20694],[105.67828,31.20319],[105.67849,31.2021],[105.67793,31.20077],[105.67634,31.19949],[105.67583,31.1989],[105.67584,31.19821],[105.6772,31.19738],[105.67835,31.19715],[105.67939,31.19717],[105.68383,31.19842],[105.68548,31.19786],[105.68595,31.19752],[105.6861,31.19695],[105.68964,31.19472],[105.68944,31.19392],[105.68697,31.19219],[105.68651,31.1915],[105.68631,31.19065],[105.68591,31.19007],[105.68504,31.18984],[105.68317,31.19012],[105.68197,31.19069],[105.6811,31.19086],[105.68023,31.19075],[105.68006,31.19059],[105.67956,31.19106],[105.67711,31.19049],[105.67613,31.19079],[105.67497,31.1914],[105.67367,31.19056],[105.67316,31.1898],[105.67285,31.18871],[105.67315,31.18717],[105.67365,31.18624],[105.6749,31.18529],[105.67561,31.18445],[105.67605,31.1824],[105.67589,31.1814],[105.67532,31.18068],[105.67332,31.18027],[105.67217,31.17969],[105.67199,31.17878],[105.6728,31.17547],[105.67436,31.17177],[105.67592,31.17054],[105.67707,31.17022],[105.67887,31.17053],[105.68004,31.17147],[105.68057,31.17223],[105.68148,31.17293],[105.68289,31.17278],[105.68662,31.17135],[105.68771,31.1706],[105.68888,31.17008],[105.68937,31.17011],[105.68983,31.17037],[105.6907,31.17121],[105.69119,31.1714],[105.69384,31.17097],[105.696,31.17083],[105.69667,31.17105],[105.69751,31.17193],[105.69804,31.17219],[105.69895,31.17228],[105.69983,31.17202],[105.70008,31.17146],[105.70022,31.16948],[105.70051,31.16876],[105.70318,31.16646],[105.70367,31.16632],[105.70534,31.16713],[105.7071,31.1692],[105.70774,31.16923],[105.70906,31.16858],[105.70951,31.16815],[105.7098,31.16701],[105.70933,31.16461],[105.70953,31.16375],[105.7105,31.16187],[105.71139,31.16076],[105.71358,31.15965],[105.71411,31.15887],[105.71454,31.15712],[105.71468,31.15536],[105.71506,31.15471],[105.7176,31.15348],[105.72134,31.15037],[105.72178,31.14926],[105.71965,31.1472],[105.71925,31.14597],[105.7194,31.14461],[105.71992,31.14337],[105.72353,31.14069],[105.72412,31.13952],[105.72433,31.13751],[105.72424,31.1355],[105.72362,31.13381],[105.72293,31.13258],[105.72165,31.13181],[105.72028,31.13123],[105.71741,31.1307],[105.71665,31.13034],[105.71634,31.12956],[105.71679,31.12845],[105.71925,31.12488],[105.71961,31.12325],[105.7189,31.11991],[105.71908,31.11758],[105.71994,31.11468],[105.72056,31.11389],[105.72144,31.11344],[105.72465,31.11315],[105.72539,31.11287],[105.726,31.1122],[105.72623,31.11106],[105.72419,31.10457],[105.72297,31.10159],[105.72173,31.10097],[105.72161,31.10066],[105.72182,31.09965],[105.72044,31.09843],[105.71901,31.09785],[105.71758,31.09779],[105.71698,31.09825],[105.71645,31.09915],[105.71601,31.10065],[105.71756,31.1061],[105.71726,31.1072],[105.71674,31.10792],[105.71569,31.10825],[105.71402,31.10734],[105.71348,31.10521],[105.71163,31.1008],[105.71169,31.09885],[105.7122,31.0969],[105.7134,31.09508],[105.71686,31.0923],[105.71908,31.09008],[105.72025,31.08821],[105.72131,31.08588],[105.72174,31.08416],[105.72151,31.08198],[105.72075,31.08042],[105.71979,31.07874],[105.71855,31.07735],[105.71577,31.07295],[105.7148,31.07213],[105.71321,31.07136],[105.71175,31.07105],[105.70914,31.07157],[105.70874,31.07124],[105.7088,31.06956],[105.70909,31.06895],[105.71269,31.06762],[105.71566,31.06601],[105.71682,31.065],[105.71745,31.06369],[105.71763,31.06123],[105.71678,31.06024],[105.71587,31.05971],[105.71274,31.05931],[105.71229,31.05862],[105.71238,31.05713],[105.71289,31.05536],[105.71316,31.04889],[105.71302,31.04631],[105.71364,31.04231],[105.71414,31.04077],[105.71411,31.03934],[105.71367,31.03807],[105.71289,31.03691],[105.71191,31.03609],[105.70875,31.03431],[105.70757,31.03321],[105.70692,31.03216],[105.70671,31.02981],[105.70627,31.02854],[105.70325,31.02643],[105.70114,31.02536],[105.69968,31.02488],[105.69848,31.0248],[105.69741,31.02438],[105.6954,31.02392],[105.6939,31.0238],[105.69312,31.02287],[105.69227,31.01861],[105.69137,31.01734],[105.69012,31.01651],[105.68867,31.01626],[105.68666,31.01634],[105.68277,31.01736],[105.67806,31.01917],[105.67609,31.0208],[105.67487,31.02135],[105.67313,31.02132],[105.66755,31.02036],[105.66537,31.01963],[105.66384,31.01892],[105.66339,31.01816],[105.66341,31.01748],[105.66404,31.01651],[105.66533,31.01528],[105.66623,31.01386],[105.66673,31.01221],[105.6663,31.01054],[105.66519,31.00954],[105.66454,31.00861],[105.66456,31.00787],[105.66531,31.00731],[105.66679,31.00682],[105.66786,31.00667],[105.6684,31.00639],[105.66902,31.00508],[105.66845,31.00375],[105.66701,31.00247],[105.66531,31.00135],[105.66385,31.00058],[105.66187,31.00008],[105.65827,30.99991],[105.65352,31.00051],[105.64828,31.00202],[105.64574,31.00244],[105.64094,31.00247],[105.63378,31.00332],[105.62766,31.00006],[105.62681,30.99936],[105.62594,30.99717],[105.62465,30.99555],[105.62317,30.99422],[105.62042,30.99301],[105.61775,30.9926],[105.61554,30.99202],[105.61387,30.99128],[105.61355,30.99015],[105.61375,30.98862],[105.61403,30.98818],[105.61567,30.98682],[105.61747,30.98613],[105.61876,30.98469],[105.61935,30.98313],[105.61911,30.98085],[105.61871,30.9792],[105.61868,30.97756],[105.61099,30.97676],[105.60683,30.9759],[105.60496,30.97511],[105.60227,30.9753],[105.60193,30.97486],[105.60073,30.97423],[105.5958,30.97258],[105.59407,30.97345],[105.59295,30.9754],[105.59162,30.97695],[105.5901,30.97828],[105.58549,30.98357],[105.58316,30.98407],[105.57762,30.98642],[105.57515,30.98765],[105.57334,30.98884],[105.57218,30.99011],[105.57101,30.99172],[105.56972,30.99394],[105.56792,30.99757],[105.56696,31.00017],[105.56586,31.00479],[105.56529,31.00633],[105.56526,31.00759],[105.56549,31.00909],[105.56606,31.0107],[105.56588,31.01121],[105.56363,31.01122],[105.55925,31.00995],[105.55805,31.00989],[105.55514,31.01092],[105.55347,31.01122],[105.55055,31.01273],[105.54807,31.01333],[105.54605,31.01361],[105.54567,31.01399],[105.54586,31.01624],[105.54544,31.01744],[105.54442,31.01829],[105.54159,31.01985],[105.5397,31.02143],[105.53863,31.02445],[105.53768,31.02552],[105.53613,31.02642],[105.53439,31.02703],[105.53266,31.02671],[105.53061,31.02686],[105.52837,31.02642],[105.52554,31.02559],[105.52397,31.02597],[105.52185,31.02696],[105.52091,31.02707],[105.51966,31.02664],[105.51724,31.02535],[105.51578,31.02516],[105.51399,31.02554],[105.51125,31.02663],[105.50908,31.02664],[105.50652,31.02608],[105.50517,31.02608],[105.50449,31.02648],[105.50435,31.02739],[105.50451,31.02869],[105.50613,31.03499],[105.50583,31.03596],[105.50536,31.03659],[105.50415,31.03709],[105.50283,31.03701],[105.50077,31.03715],[105.49858,31.03759],[105.49537,31.0375],[105.49234,31.03683],[105.48985,31.03591],[105.48885,31.03618],[105.48729,31.03765],[105.48529,31.04032],[105.48255,31.04434],[105.48185,31.04565],[105.47923,31.05536],[105.4792,31.05662],[105.4781,31.05832],[105.47558,31.06069],[105.47495,31.06195],[105.47503,31.06333],[105.47471,31.06365],[105.46595,31.06358],[105.46308,31.06341],[105.46042,31.06237],[105.45699,31.06007],[105.45521,31.05976],[105.45394,31.0602],[105.45043,31.06238],[105.44778,31.06445],[105.44567,31.0666],[105.44499,31.06688],[105.444,31.06686],[105.44274,31.06644],[105.44115,31.0663],[105.43955,31.06656],[105.43821,31.067],[105.43701,31.06692],[105.43497,31.06626],[105.43397,31.0663],[105.43174,31.06781],[105.43254,31.07081],[105.43089,31.07214],[105.4293,31.07464],[105.42828,31.07577],[105.42673,31.07649],[105.4252,31.07681],[105.42333,31.07672],[105.42188,31.07601],[105.41854,31.07349],[105.41505,31.07182],[105.41294,31.07161],[105.41186,31.07194],[105.41077,31.07255],[105.40982,31.07397],[105.40944,31.07557],[105.41,31.07707],[105.41023,31.07862],[105.41079,31.08017],[105.41056,31.08143],[105.40849,31.0869],[105.40825,31.0885],[105.40769,31.0894],[105.40417,31.09175],[105.40274,31.0931],[105.40237,31.09418],[105.40241,31.09544],[105.40265,31.09659],[105.40249,31.09733],[105.39934,31.09843],[105.39819,31.09903],[105.39737,31.09976],[105.39688,31.10061],[105.39622,31.1057],[105.39552,31.10707],[105.39429,31.10847],[105.39076,31.11082],[105.38939,31.11211],[105.38861,31.1137],[105.38824,31.11541],[105.38813,31.11707],[105.38842,31.11868],[105.38844,31.12075],[105.38967,31.12484],[105.38939,31.12552],[105.38864,31.12614],[105.38685,31.12811],[105.38433,31.13013],[105.3822,31.13246],[105.38107,31.13488],[105.38007,31.13813],[105.37988,31.13978],[105.38024,31.14168],[105.38126,31.14365],[105.38223,31.14476],[105.3826,31.14614],[105.38187,31.15117],[105.38129,31.15288],[105.38073,31.1539],[105.37991,31.15457],[105.37897,31.15478],[105.37646,31.15382],[105.37519,31.15368],[105.37398,31.15417],[105.37328,31.15519],[105.37265,31.15667],[105.3717,31.15757],[105.36974,31.15804],[105.3619,31.15927],[105.35617,31.16081],[105.3549,31.1609],[105.35398,31.1606],[105.35288,31.15869],[105.35245,31.15724],[105.35261,31.15352],[105.35245,31.15192],[105.35169,31.15018],[105.35034,31.14884],[105.34894,31.14789],[105.34804,31.14707],[105.3474,31.1458],[105.34684,31.14395],[105.34211,31.13772],[105.34176,31.13628],[105.34161,31.13428],[105.34211,31.13274],[105.34322,31.13144],[105.34499,31.13004],[105.34555,31.12897],[105.34572,31.12794],[105.34527,31.12673],[105.34443,31.12591],[105.34283,31.1257],[105.34103,31.12584],[105.33947,31.12615],[105.33805,31.12694],[105.33455,31.12783],[105.32977,31.12968],[105.32915,31.13041],[105.32863,31.13241],[105.32789,31.13744],[105.32753,31.13858],[105.32697,31.13925],[105.32591,31.13929],[105.32432,31.13845],[105.32356,31.13712],[105.31946,31.12764],[105.31961,31.12678],[105.32065,31.12548],[105.32385,31.12303],[105.32474,31.12213],[105.32524,31.12093],[105.32528,31.1195],[105.32451,31.118],[105.32341,31.117],[105.32176,31.11582],[105.31999,31.11492],[105.31667,31.114],[105.31494,31.11396],[105.3105,31.11485],[105.30937,31.11471],[105.30831,31.114],[105.3069,31.11191],[105.3059,31.1116],[105.30267,31.11285],[105.30179,31.11295],[105.30134,31.11282],[105.30112,31.11466],[105.29994,31.11756],[105.29992,31.12082],[105.29928,31.12219],[105.29743,31.12438],[105.29704,31.12638],[105.29655,31.1274],[105.29499,31.12795],[105.29351,31.12815],[105.29138,31.12799],[105.29057,31.12837],[105.28808,31.12901],[105.28718,31.13014],[105.28736,31.13112],[105.28814,31.13177],[105.2892,31.13224],[105.29252,31.13311],[105.29845,31.13369],[105.29997,31.13418],[105.30095,31.135],[105.30148,31.13575],[105.30144,31.13679],[105.30108,31.13798],[105.29873,31.14326],[105.29805,31.14406],[105.29662,31.14483],[105.29552,31.14607],[105.29448,31.14765],[105.29396,31.14942],[105.29376,31.15199],[105.29268,31.15529],[105.29236,31.15718],[105.29152,31.15865],[105.29075,31.15984],[105.2896,31.16051],[105.28562,31.16215],[105.28413,31.16515],[105.28418,31.16596],[105.28463,31.16671],[105.28561,31.16753],[105.29059,31.17136],[105.29382,31.17303],[105.29559,31.17421],[105.29938,31.17761],[105.29989,31.17859],[105.30005,31.17986],[105.29983,31.18077],[105.29914,31.18184],[105.29682,31.1834],[105.29534,31.18343],[105.29435,31.18335],[105.28997,31.18223],[105.28524,31.18162],[105.28303,31.18158],[105.28111,31.18103],[105.2792,31.18013],[105.27754,31.17958],[105.27606,31.18001],[105.27434,31.18198],[105.27438,31.1829],[105.27501,31.18423],[105.27591,31.18551],[105.27615,31.18683],[105.27563,31.18837],[105.27488,31.18956],[105.27391,31.1908],[105.27274,31.19186],[105.27171,31.19322],[105.27101,31.19452],[105.2705,31.19589],[105.27034,31.19692],[105.27085,31.20037],[105.27002,31.20155],[105.26872,31.20245],[105.26642,31.20283],[105.26485,31.20234],[105.26291,31.20229],[105.26046,31.20194],[105.25756,31.20292],[105.25626,31.20393],[105.25605,31.20473],[105.25635,31.20582],[105.25725,31.20698],[105.25808,31.20855],[105.25834,31.21102],[105.25818,31.21233],[105.25856,31.21302],[105.25941,31.2135],[105.26049,31.21346],[105.26219,31.21441],[105.26277,31.21534],[105.26307,31.2169],[105.26418,31.21772],[105.26572,31.21763],[105.26718,31.21801],[105.26954,31.21954],[105.27216,31.22183],[105.27335,31.22236],[105.27738,31.22365],[105.28104,31.22458],[105.28236,31.22518],[105.29163,31.23115],[105.29288,31.23215],[105.29319,31.23307],[105.29111,31.23842],[105.29019,31.24006],[105.28903,31.2409],[105.28763,31.24104],[105.28644,31.24082],[105.28631,31.24093],[105.28118,31.24755],[105.27711,31.2521],[105.27333,31.2547],[105.26956,31.25587],[105.26789,31.25496],[105.26546,31.25237],[105.26333,31.24861],[105.26134,31.24751],[105.25955,31.24892],[105.25845,31.25016],[105.25829,31.25096],[105.25753,31.25215],[105.25664,31.25287],[105.25536,31.25342],[105.25229,31.25365],[105.24937,31.25285],[105.24863,31.25289],[105.24795,31.25329],[105.24733,31.25396],[105.24705,31.25459],[105.247,31.25602],[105.24731,31.25717],[105.24789,31.25804],[105.24887,31.2588],[105.25085,31.25941],[105.25285,31.25951],[105.25373,31.2597],[105.25582,31.261],[105.25845,31.26299],[105.25976,31.26371],[105.26061,31.26458],[105.2611,31.26614],[105.26112,31.26809],[105.2606,31.26974],[105.26029,31.27146],[105.26051,31.27318],[105.262,31.27773],[105.26251,31.28141],[105.26339,31.28315],[105.26389,31.28459],[105.26419,31.28609],[105.26408,31.28746],[105.26318,31.28882],[105.26235,31.28966],[105.25971,31.2911],[105.25657,31.29345],[105.25512,31.29502],[105.25422,31.29655],[105.25405,31.29764],[105.25441,31.29931],[105.2551,31.3011],[105.25605,31.30289],[105.25636,31.30404],[105.25612,31.30541],[105.25471,31.30797],[105.25378,31.31053],[105.25073,31.31482],[105.2498,31.31681],[105.24927,31.31898],[105.2495,31.32065],[105.25001,31.32197],[105.25052,31.32267],[105.25163,31.32355],[105.25597,31.32574],[105.26533,31.32573],[105.26775,31.3265],[105.26867,31.32819],[105.26837,31.33027],[105.26716,31.33247],[105.26505,31.33468],[105.26258,31.33484],[105.2592,31.33551],[105.25299,31.3376],[105.25123,31.3385],[105.24969,31.33962],[105.24898,31.34068],[105.24876,31.34137],[105.24879,31.34182],[105.2492,31.34226],[105.2506,31.34272],[105.25438,31.3435],[105.25639,31.34367],[105.26046,31.34385],[105.26131,31.3437],[105.26343,31.34272],[105.26581,31.34248],[105.26797,31.3428],[105.26901,31.34331],[105.27059,31.34463],[105.27092,31.34558],[105.27092,31.34651],[105.27049,31.34762],[105.26973,31.34862],[105.26878,31.3495],[105.26764,31.35007],[105.26198,31.35169],[105.25938,31.35301],[105.25682,31.35396],[105.25411,31.35445],[105.25074,31.35473],[105.24627,31.35607],[105.24294,31.35685],[105.24097,31.35705],[105.23893,31.35679],[105.23704,31.35621],[105.23591,31.35635],[105.23455,31.35713],[105.23108,31.36064],[105.23108,31.3622],[105.23033,31.36402],[105.22973,31.36499],[105.22897,31.36545],[105.2252,31.36597],[105.22444,31.36637],[105.22324,31.36851],[105.22271,31.36903],[105.22203,31.36923],[105.22127,31.36923],[105.21999,31.36891],[105.2184,31.36904],[105.21689,31.36989],[105.21554,31.37139],[105.21441,31.37314],[105.21396,31.37555],[105.21427,31.37657],[105.21722,31.37896],[105.21865,31.38036],[105.21922,31.38157],[105.21938,31.38318],[105.22001,31.38439],[105.2212,31.38522],[105.22226,31.38552],[105.22329,31.38663],[105.22354,31.38755],[105.22321,31.38978],[105.22338,31.39081],[105.22313,31.39253],[105.22316,31.39425],[105.22371,31.39575],[105.22442,31.39662],[105.22461,31.39708],[105.22453,31.39777],[105.22416,31.39862],[105.22355,31.39936],[105.21772,31.4028],[105.21688,31.40394],[105.21484,31.40739],[105.21156,31.41077],[105.20877,31.4125],[105.2078,31.41362],[105.20744,31.41505],[105.20753,31.41608],[105.2081,31.41747],[105.20895,31.41828],[105.20903,31.4201],[105.20813,31.42347],[105.20692,31.42627],[105.20573,31.42835],[105.20565,31.42938],[105.20618,31.4301],[105.20747,31.43074],[105.21012,31.43112],[105.21246,31.43209],[105.21329,31.43358],[105.21361,31.43559],[105.21346,31.4389],[105.21271,31.43965],[105.21261,31.44035],[105.21693,31.44221],[105.21748,31.44306],[105.21731,31.44448],[105.21739,31.4463],[105.21777,31.44759],[105.22012,31.45187],[105.22142,31.45381],[105.22157,31.45498],[105.22097,31.45641],[105.21984,31.45784],[105.21765,31.46122],[105.21489,31.46318],[105.21406,31.46416],[105.21364,31.46495],[105.21368,31.46588],[105.21438,31.46731],[105.21496,31.46801],[105.21594,31.46883],[105.21956,31.4709],[105.22,31.47165],[105.22019,31.47246],[105.22013,31.47458],[105.2203,31.4759],[105.22086,31.47717],[105.2219,31.4785],[105.22328,31.47956],[105.22466,31.48022],[105.22638,31.48054],[105.22961,31.48013],[105.23062,31.47981],[105.23104,31.47913],[105.23111,31.47873],[105.23069,31.47717],[105.23019,31.47613],[105.23002,31.47493],[105.23054,31.47276],[105.23156,31.47221],[105.2328,31.47097],[105.23301,31.47023],[105.23305,31.4692],[105.23274,31.46799],[105.2329,31.46713],[105.2338,31.46612],[105.23481,31.46533],[105.23585,31.46404],[105.2369,31.46222],[105.23749,31.46069],[105.23858,31.45973],[105.23961,31.45924],[105.24074,31.45897],[105.24356,31.45891],[105.24561,31.45952],[105.24991,31.46155],[105.25278,31.462],[105.25383,31.46248],[105.25508,31.46331],[105.25553,31.46414],[105.25595,31.46451],[105.25588,31.46646],[105.25362,31.47308],[105.254,31.47477],[105.25506,31.47574],[105.25742,31.47613],[105.26037,31.47534],[105.26476,31.47287],[105.26862,31.47254],[105.27469,31.47272],[105.27659,31.47337],[105.27841,31.47493],[105.27963,31.4757],[105.28168,31.4757],[105.28463,31.47524],[105.2863,31.47457],[105.28691,31.47453],[105.28797,31.47472],[105.28915,31.47566],[105.29118,31.47559],[105.29205,31.47525],[105.29238,31.47427],[105.29204,31.47301],[105.29082,31.47153],[105.28807,31.46936],[105.28787,31.46879],[105.28827,31.46827],[105.28854,31.46828],[105.28748,31.4657],[105.28763,31.46356],[105.28853,31.46227],[105.29043,31.46116],[105.29586,31.45908],[105.29687,31.45845],[105.29798,31.45744],[105.30019,31.45497],[105.30305,31.45279],[105.3038,31.45275],[105.30432,31.4531],[105.30582,31.45496],[105.30653,31.45624],[105.30757,31.45981],[105.30838,31.46167],[105.31321,31.46328],[105.31745,31.46393],[105.32003,31.46328],[105.3214,31.4625],[105.32397,31.45991],[105.3279,31.45549],[105.32972,31.45458],[105.3318,31.45385],[105.33276,31.4542],[105.33309,31.45533],[105.33505,31.45693],[105.33613,31.45841],[105.33706,31.45895],[105.33862,31.46233],[105.33939,31.46366],[105.3424,31.46693],[105.34626,31.47067],[105.34766,31.47127],[105.34872,31.47152],[105.35241,31.47171],[105.35702,31.47226],[105.35957,31.4722],[105.36031,31.47147],[105.36063,31.47004],[105.36034,31.46815],[105.35894,31.46519],[105.35896,31.46434],[105.35917,31.4636],[105.3606,31.46305],[105.36242,31.46269],[105.36619,31.4623],[105.36813,31.46228],[105.36935,31.46202],[105.37071,31.46124],[105.3718,31.46029],[105.37278,31.45865],[105.37346,31.45786],[105.37497,31.45663],[105.3766,31.45574],[105.37857,31.45515],[105.37981,31.45512],[105.3813,31.45568],[105.38335,31.45591],[105.38521,31.45567],[105.38609,31.45537],[105.38733,31.4543],[105.3883,31.45286],[105.38812,31.45149],[105.3882,31.44876],[105.38801,31.44849],[105.38805,31.44794],[105.38757,31.44587],[105.38799,31.44524],[105.38894,31.4448],[105.3901,31.44481],[105.39093,31.44587],[105.3912,31.4467],[105.392,31.44723],[105.39298,31.44746],[105.39484,31.44684],[105.39678,31.44563],[105.39996,31.44273],[105.40438,31.43915],[105.40517,31.43877],[105.40623,31.43869],[105.4077,31.43894],[105.41223,31.4419],[105.41341,31.44284],[105.41372,31.44337],[105.41556,31.44504],[105.41583,31.44587],[105.41567,31.44739],[105.41514,31.44815],[105.41408,31.44907],[105.41386,31.44979],[105.4143,31.45024],[105.41536,31.45083],[105.41655,31.45119],[105.41848,31.45134],[105.42042,31.45118],[105.42233,31.45169],[105.42454,31.45168],[105.42534,31.45145],[105.42613,31.45091],[105.42745,31.44886],[105.42859,31.44764],[105.42912,31.44749],[105.43036,31.44786],[105.43232,31.44922],[105.43392,31.45103],[105.4349,31.45346],[105.43561,31.45391],[105.43771,31.45395],[105.43824,31.45477],[105.43848,31.45597],[105.43887,31.46182],[105.43957,31.4635],[105.44053,31.465],[105.44268,31.46733],[105.44299,31.46848],[105.4432,31.47036],[105.44384,31.47125],[105.44437,31.47277],[105.44376,31.47444],[105.44279,31.47521],[105.44244,31.47597],[105.44254,31.47673],[105.44405,31.47769],[105.44478,31.48053],[105.44508,31.47859],[105.44657,31.47764],[105.44832,31.4771],[105.45005,31.47726],[105.45125,31.47676],[105.45239,31.47569],[105.45465,31.47549],[105.4553,31.4751],[105.45632,31.47479],[105.45739,31.47467],[105.45823,31.47471],[105.4588,31.47505],[105.45915,31.4755],[105.45959,31.47679],[105.46098,31.47804],[105.46417,31.47964],[105.46492,31.48025],[105.46542,31.48127],[105.46556,31.4824],[105.46577,31.4829],[105.46627,31.48316],[105.46958,31.48333],[105.47024,31.48363],[105.47051,31.4842],[105.47052,31.4853],[105.47074,31.48564],[105.47105,31.48575],[105.47127,31.48579],[105.47193,31.48548],[105.47325,31.48445],[105.47378,31.48342],[105.47379,31.48124],[105.47403,31.48049],[105.47429,31.48019],[105.47504,31.48003],[105.47615,31.4801],[105.47929,31.48171],[105.48088,31.48163],[105.48176,31.4809],[105.48215,31.47987],[105.48246,31.4785],[105.48227,31.47757],[105.4825,31.47657],[105.48466,31.47231],[105.48716,31.46811],[105.48889,31.46572],[105.49269,31.46268],[105.49326,31.46166],[105.49308,31.46063],[105.49329,31.46028],[105.49436,31.46036],[105.49581,31.46072],[105.49708,31.46051],[105.49857,31.4595],[105.50103,31.45701],[105.50168,31.4549],[105.50023,31.45105],[105.49883,31.44873],[105.49739,31.44751],[105.49595,31.44675],[105.49455,31.44621],[105.49343,31.4462],[105.49224,31.4456],[105.49159,31.44457],[105.49157,31.44302],[105.49242,31.4408],[105.49266,31.43908],[105.49242,31.43782],[105.4917,31.43712],[105.49073,31.43653],[105.48992,31.43652],[105.48938,31.43709],[105.48799,31.44205],[105.48694,31.44393],[105.4858,31.44425],[105.48461,31.44412],[105.48396,31.44331],[105.48366,31.44187],[105.48408,31.43867],[105.48444,31.43724],[105.48433,31.43655],[105.48386,31.43626],[105.48207,31.43589],[105.48142,31.43542],[105.48138,31.43445],[105.48243,31.43212],[105.48251,31.43132],[105.4822,31.4304],[105.48091,31.42872],[105.48047,31.42762],[105.48037,31.4259],[105.4806,31.42493],[105.48122,31.42425],[105.48413,31.42257],[105.48501,31.42184],[105.4876,31.41913],[105.48841,31.41897],[105.49041,31.41894],[105.4915,31.41827],[105.49144,31.41781],[105.49086,31.417],[105.48893,31.41628],[105.48868,31.41594],[105.4927,31.41233],[105.4949,31.40944],[105.49699,31.40568],[105.49735,31.40454],[105.49873,31.40244],[105.50002,31.40149],[105.50263,31.40101],[105.5047,31.40098],[105.50584,31.40042],[105.50781,31.39885],[105.50964,31.39767],[105.51234,31.39627],[105.51732,31.39428],[105.52236,31.392],[105.52411,31.39134],[105.52505,31.39129],[105.52604,31.39171],[105.52667,31.39304],[105.52599,31.39635],[105.52597,31.3975],[105.52668,31.39854],[105.52844,31.39982],[105.53029,31.40042],[105.5322,31.40148],[105.53307,31.40161],[105.53401,31.40093],[105.53498,31.39969],[105.53657,31.39667],[105.53734,31.39559],[105.53815,31.39492],[105.54236,31.39458],[105.54429,31.39495],[105.54757,31.39408],[105.54882,31.39198],[105.54937,31.39158],[105.55016,31.39171],[105.55108,31.39275],[105.55223,31.40005],[105.55267,31.40108],[105.55392,31.4019],[105.55478,31.40238],[105.55606,31.40188],[105.56064,31.39948],[105.56212,31.39951],[105.56415,31.40085],[105.56663,31.40335],[105.56749,31.40371],[105.56823,31.4036],[105.56864,31.40315],[105.56876,31.40063],[105.56953,31.39916],[105.57015,31.39836],[105.57045,31.39722],[105.57028,31.39579],[105.56939,31.39365],[105.56824,31.39175],[105.56787,31.39065],[105.56794,31.38991],[105.56871,31.38855],[105.57029,31.38645],[105.57128,31.38389],[105.57192,31.38286],[105.57253,31.38201],[105.57367,31.38163],[105.57787,31.38215],[105.57967,31.38201],[105.58034,31.38213],[105.58132,31.38312],[105.58192,31.38617],[105.5828,31.38842],[105.58549,31.39018],[105.58914,31.39442],[105.59016,31.39638],[105.59055,31.39685],[105.59121,31.39726],[105.59242,31.39699],[105.59397,31.3961],[105.59586,31.3955],[105.60064,31.39678],[105.60271,31.39716],[105.60518,31.39726],[105.60784,31.39758],[105.60906,31.39709],[105.61029,31.39631],[105.61222,31.39634],[105.61388,31.39717],[105.61559,31.3984],[105.61814,31.40056],[105.61912,31.4019],[105.61969,31.40328],[105.62043,31.40598],[105.62095,31.40662],[105.62221,31.40688],[105.6238,31.40672],[105.62521,31.40563],[105.62732,31.40356],[105.63142,31.39577],[105.6328,31.39456],[105.63586,31.39444],[105.63701,31.39479],[105.63818,31.39569],[105.6387,31.39569],[105.63985,31.39523],[105.6406,31.39523],[105.6417,31.39478],[105.64229,31.3921],[105.64166,31.38767],[105.64177,31.38567],[105.64292,31.38231],[105.64428,31.38118],[105.64517,31.37975],[105.64486,31.3778],[105.64317,31.37437],[105.64301,31.37294],[105.64338,31.37229],[105.64338,31.37158],[105.64239,31.37119],[105.63997,31.37224],[105.63921,31.37179],[105.63927,31.36997],[105.63888,31.36848],[105.63842,31.36745],[105.63857,31.36595],[105.63803,31.36459],[105.63351,31.36208],[105.63247,31.36091],[105.63174,31.35874],[105.63027,31.3576],[105.62821,31.35521],[105.62768,31.35414],[105.62771,31.35342],[105.62816,31.35297],[105.62907,31.35273],[105.63031,31.35276],[105.63063,31.35352],[105.63133,31.35398],[105.63184,31.35522],[105.63242,31.35558],[105.63692,31.35534],[105.63738,31.35488],[105.63737,31.35442],[105.63692,31.3541],[105.63574,31.35368],[105.6329,31.35327],[105.63198,31.35295],[105.63096,31.35218],[105.63023,31.35127],[105.62989,31.35046],[105.62984,31.34949],[105.63039,31.34734],[105.63023,31.3464],[105.62982,31.34592],[105.62881,31.34543],[105.62784,31.34473],[105.62677,31.34363],[105.62544,31.34273],[105.61959,31.34097],[105.614,31.33799],[105.6132,31.33773],[105.61222,31.33786],[105.60947,31.33914],[105.60645,31.33957],[105.60535,31.339],[105.60455,31.33809],[105.60428,31.33715],[105.60405,31.33151],[105.60446,31.3307],[105.60517,31.33014],[105.60861,31.32932],[105.6094,31.32837],[105.60958,31.32697],[105.60904,31.32552],[105.60844,31.325],[105.60766,31.32362],[105.60589,31.32175],[105.60334,31.31948],[105.60277,31.31849],[105.60252,31.31723],[105.60144,31.31509],[105.60114,31.31412],[105.60082,31.31076],[105.6004,31.30963],[105.59627,31.30489],[105.59557,31.30363],[105.59416,31.29981],[105.59597,31.29706],[105.59635,31.29622],[105.59631,31.29543],[105.59521,31.29276],[105.59551,31.29093],[105.59627,31.29012],[105.59759,31.28937],[105.59913,31.28874],[105.59996,31.28877],[105.60098,31.28974],[105.60259,31.29262],[105.60385,31.29433],[105.60496,31.2952],[105.60621,31.29565],[105.60871,31.29607],[105.61085,31.29525],[105.61217,31.29539],[105.61364,31.29593],[105.61477,31.296],[105.61665,31.29558],[105.61834,31.29469],[105.62011,31.29311],[105.62088,31.29163],[105.6215,31.29079],[105.62534,31.2893],[105.62714,31.28974],[105.6286,31.28982],[105.62996,31.28898],[105.63149,31.28643],[105.63454,31.28471],[105.63629,31.28428],[105.63763,31.28355],[105.63949,31.28135],[105.64033,31.27993],[105.64063,31.27839],[105.64119,31.2772],[105.64223,31.27596],[105.64368,31.27375],[105.64411,31.27227],[105.64394,31.27083],[105.64343,31.26956],[105.64319,31.26835],[105.64363,31.26676],[105.6451,31.26386],[105.64539,31.26249],[105.64539,31.25985],[105.64664,31.25816],[105.64778,31.2576],[105.64912,31.25751],[105.65234,31.25763],[105.65493,31.25801],[105.65626,31.25875],[105.65934,31.25815],[105.66103,31.25749],[105.66239,31.25643],[105.66438,31.25411],[105.6656,31.25339],[105.6668,31.2533],[105.66946,31.25386],[105.6746,31.25584],[105.67501,31.25578],[105.67667,31.25512],[105.67908,31.25366],[105.68028,31.2521],[105.68031,31.25158],[105.67997,31.25115],[105.67852,31.25038],[105.67811,31.25022]]]]}},{"type":"Feature","properties":{"adcode":"510725","name":"梓潼县","level":"district","center":[105.170746,31.642635],"site":"https://geojson.hxkj.vip"},"geometry":{"type":"MultiPolygon","coordinates":[[[[105.4592,31.52696],[105.45939,31.52689],[105.45932,31.52555],[105.45904,31.52506],[105.45828,31.52496],[105.45805,31.52481],[105.45805,31.52457],[105.45884,31.52208],[105.45934,31.51627],[105.458,31.51528],[105.45834,31.51483],[105.46042,31.51412],[105.46192,31.51263],[105.4622,31.51213],[105.4622,31.51173],[105.4615,31.51074],[105.45965,31.50941],[105.45629,31.50839],[105.45605,31.50735],[105.4564,31.50705],[105.45911,31.50639],[105.46038,31.50514],[105.46166,31.5028],[105.46154,31.50123],[105.46197,31.50027],[105.46267,31.49931],[105.46272,31.49867],[105.4624,31.49814],[105.45911,31.4947],[105.4581,31.49391],[105.45407,31.49139],[105.44961,31.48769],[105.44819,31.48562],[105.4477,31.48535],[105.44735,31.48536],[105.44692,31.48616],[105.44647,31.48623],[105.44616,31.48608],[105.44531,31.48358],[105.44504,31.48339],[105.44433,31.48313],[105.44385,31.48313],[105.44182,31.48352],[105.44128,31.48341],[105.44084,31.48292],[105.44075,31.48243],[105.44096,31.48118],[105.44153,31.4806],[105.44478,31.48053],[105.44405,31.47769],[105.44254,31.47673],[105.44244,31.47597],[105.44279,31.47521],[105.44376,31.47444],[105.44437,31.47277],[105.44384,31.47125],[105.4432,31.47036],[105.44299,31.46848],[105.44268,31.46733],[105.44053,31.465],[105.43957,31.4635],[105.43887,31.46182],[105.43865,31.45758],[105.43824,31.45477],[105.43771,31.45395],[105.43561,31.45391],[105.4349,31.45346],[105.43392,31.45103],[105.43232,31.44922],[105.43036,31.44786],[105.42912,31.44749],[105.42859,31.44764],[105.42745,31.44886],[105.42613,31.45091],[105.42534,31.45145],[105.42454,31.45168],[105.42233,31.45169],[105.42042,31.45118],[105.41848,31.45134],[105.41655,31.45119],[105.41536,31.45083],[105.4143,31.45024],[105.41386,31.44979],[105.41408,31.44907],[105.41514,31.44815],[105.41567,31.44739],[105.41583,31.44587],[105.41556,31.44504],[105.41372,31.44337],[105.41341,31.44284],[105.41223,31.4419],[105.4077,31.43894],[105.40623,31.43869],[105.40517,31.43877],[105.40438,31.43915],[105.39996,31.44273],[105.39678,31.44563],[105.39484,31.44684],[105.39298,31.44746],[105.392,31.44723],[105.3912,31.4467],[105.39093,31.44587],[105.3901,31.44481],[105.38894,31.4448],[105.38799,31.44524],[105.38757,31.44587],[105.38805,31.44794],[105.38801,31.44849],[105.3882,31.44876],[105.38812,31.45149],[105.3883,31.45286],[105.38733,31.4543],[105.38609,31.45537],[105.38521,31.45567],[105.38335,31.45591],[105.3813,31.45568],[105.37981,31.45512],[105.37857,31.45515],[105.3766,31.45574],[105.37497,31.45663],[105.37346,31.45786],[105.37278,31.45865],[105.3718,31.46029],[105.37071,31.46124],[105.36935,31.46202],[105.36813,31.46228],[105.36619,31.4623],[105.36242,31.46269],[105.3606,31.46305],[105.35917,31.4636],[105.35896,31.46434],[105.35894,31.46519],[105.36034,31.46815],[105.36063,31.47004],[105.36031,31.47147],[105.35957,31.4722],[105.35702,31.47226],[105.35241,31.47171],[105.34872,31.47152],[105.34766,31.47127],[105.34626,31.47067],[105.3424,31.46693],[105.33939,31.46366],[105.33862,31.46233],[105.33706,31.45895],[105.33613,31.45841],[105.33505,31.45693],[105.33309,31.45533],[105.33276,31.4542],[105.3318,31.45385],[105.32972,31.45458],[105.3279,31.45549],[105.32397,31.45991],[105.3214,31.4625],[105.32003,31.46328],[105.31745,31.46393],[105.31321,31.46328],[105.30838,31.46167],[105.30757,31.45981],[105.30653,31.45624],[105.30582,31.45496],[105.30432,31.4531],[105.3038,31.45275],[105.30305,31.45279],[105.30019,31.45497],[105.29798,31.45744],[105.29687,31.45845],[105.29586,31.45908],[105.29043,31.46116],[105.28853,31.46227],[105.28763,31.46356],[105.28748,31.4657],[105.28854,31.46828],[105.28827,31.46827],[105.28787,31.46879],[105.28807,31.46936],[105.29082,31.47153],[105.29204,31.47301],[105.29238,31.47427],[105.29205,31.47525],[105.29118,31.47559],[105.28915,31.47566],[105.28797,31.47472],[105.28691,31.47453],[105.2863,31.47457],[105.28463,31.47524],[105.28168,31.4757],[105.27963,31.4757],[105.27841,31.47493],[105.27659,31.47337],[105.27469,31.47272],[105.26862,31.47254],[105.26476,31.47287],[105.26037,31.47534],[105.25742,31.47613],[105.25506,31.47574],[105.254,31.47477],[105.25362,31.47308],[105.25588,31.46646],[105.25595,31.46451],[105.25553,31.46414],[105.25508,31.46331],[105.25383,31.46248],[105.25278,31.462],[105.24991,31.46155],[105.24561,31.45952],[105.24356,31.45891],[105.24074,31.45897],[105.23961,31.45924],[105.23858,31.45973],[105.23749,31.46069],[105.2369,31.46222],[105.23585,31.46404],[105.23481,31.46533],[105.2338,31.46612],[105.2329,31.46713],[105.23274,31.46799],[105.23305,31.4692],[105.23301,31.47023],[105.2328,31.47097],[105.23156,31.47221],[105.23054,31.47276],[105.23002,31.47493],[105.23019,31.47613],[105.23069,31.47717],[105.23111,31.47873],[105.23104,31.47913],[105.23062,31.47981],[105.22961,31.48013],[105.22638,31.48054],[105.22466,31.48022],[105.22328,31.47956],[105.2219,31.4785],[105.22086,31.47717],[105.2203,31.4759],[105.22013,31.47458],[105.22019,31.47246],[105.22,31.47165],[105.21956,31.4709],[105.21594,31.46883],[105.21496,31.46801],[105.21438,31.46731],[105.21362,31.46575],[105.21364,31.46495],[105.21406,31.46416],[105.21489,31.46318],[105.21765,31.46122],[105.21984,31.45784],[105.22097,31.45641],[105.22157,31.45498],[105.22142,31.45381],[105.22012,31.45187],[105.21777,31.44759],[105.21739,31.4463],[105.21731,31.44448],[105.21748,31.44306],[105.21693,31.44221],[105.20844,31.43855],[105.20667,31.43836],[105.20482,31.43786],[105.20323,31.43721],[105.20232,31.43622],[105.20156,31.43506],[105.20103,31.4323],[105.20038,31.43137],[105.199,31.43077],[105.19507,31.43036],[105.19125,31.43052],[105.18973,31.43032],[105.18651,31.43061],[105.1851,31.43087],[105.18423,31.4312],[105.18328,31.43175],[105.18294,31.43209],[105.18272,31.43266],[105.18287,31.43433],[105.18428,31.4367],[105.18399,31.43738],[105.18312,31.43743],[105.18186,31.43717],[105.18052,31.43755],[105.17896,31.43827],[105.17753,31.43928],[105.17581,31.44119],[105.17472,31.44203],[105.17398,31.44225],[105.17065,31.44202],[105.1664,31.44108],[105.16052,31.44121],[105.15755,31.44213],[105.15642,31.44228],[105.15421,31.44224],[105.15277,31.44164],[105.1504,31.44005],[105.14853,31.43996],[105.14478,31.44046],[105.1411,31.44062],[105.13975,31.44095],[105.13853,31.44173],[105.13756,31.44291],[105.13526,31.44883],[105.1345,31.45002],[105.13326,31.45108],[105.13136,31.45191],[105.12627,31.4549],[105.12464,31.45545],[105.11881,31.45625],[105.11711,31.45702],[105.11575,31.45785],[105.11413,31.45857],[105.11291,31.45889],[105.11105,31.45891],[105.10952,31.45842],[105.1078,31.4573],[105.10657,31.45618],[105.10525,31.45547],[105.10431,31.45522],[105.10298,31.45537],[105.1023,31.45524],[105.10225,31.45483],[105.10309,31.45371],[105.10387,31.45218],[105.10405,31.45046],[105.10387,31.44731],[105.10364,31.44598],[105.10327,31.44489],[105.10209,31.44326],[105.10122,31.44377],[105.10025,31.44377],[105.09861,31.44273],[105.09653,31.44221],[105.09376,31.44324],[105.09298,31.44311],[105.09073,31.44124],[105.08971,31.44073],[105.08885,31.44065],[105.08819,31.44077],[105.08758,31.4412],[105.08533,31.44382],[105.08419,31.44608],[105.08484,31.44944],[105.0846,31.44971],[105.08383,31.44989],[105.08301,31.4498],[105.08191,31.44928],[105.08056,31.44838],[105.07757,31.44579],[105.07738,31.44523],[105.07788,31.4426],[105.0777,31.4415],[105.07674,31.44047],[105.07545,31.43976],[105.0738,31.44042],[105.07312,31.44152],[105.07267,31.44334],[105.07146,31.44522],[105.06956,31.44639],[105.06372,31.44884],[105.05939,31.45221],[105.05804,31.45357],[105.05767,31.45474],[105.05835,31.45752],[105.0584,31.46027],[105.05864,31.46142],[105.05966,31.46322],[105.0599,31.46437],[105.06,31.4658],[105.0596,31.46809],[105.05982,31.47176],[105.06029,31.47406],[105.05979,31.47531],[105.05893,31.47924],[105.05888,31.48125],[105.05911,31.48251],[105.05913,31.48406],[105.0589,31.48526],[105.05845,31.48657],[105.05678,31.48882],[105.05599,31.49075],[105.05686,31.49318],[105.05957,31.49702],[105.06008,31.49812],[105.06037,31.49938],[105.06033,31.50093],[105.06056,31.50214],[105.0605,31.5042],[105.06021,31.50522],[105.0605,31.50643],[105.06126,31.50811],[105.06244,31.5094],[105.06314,31.51262],[105.06331,31.51412],[105.0646,31.51816],[105.06503,31.52172],[105.06555,31.52259],[105.06731,31.52406],[105.06831,31.52454],[105.06896,31.52518],[105.06934,31.52594],[105.06925,31.52714],[105.0681,31.52952],[105.06699,31.53064],[105.06562,31.53147],[105.06345,31.53239],[105.0629,31.53307],[105.06307,31.53393],[105.06511,31.53541],[105.06543,31.5361],[105.06513,31.53713],[105.06423,31.53791],[105.06342,31.53824],[105.05984,31.53913],[105.05791,31.5392],[105.05478,31.54072],[105.05372,31.54227],[105.05353,31.54451],[105.05621,31.54817],[105.05662,31.5492],[105.05663,31.55017],[105.05463,31.5529],[105.05281,31.55433],[105.05053,31.5542],[105.04718,31.55368],[105.04569,31.5542],[105.04526,31.55559],[105.04476,31.55649],[105.04465,31.55815],[105.04379,31.55996],[105.04295,31.56121],[105.04277,31.56281],[105.04314,31.5636],[105.04438,31.56515],[105.04544,31.56743],[105.04567,31.56937],[105.04567,31.57378],[105.04636,31.57579],[105.04621,31.57722],[105.04545,31.57884],[105.04431,31.58026],[105.04301,31.58085],[105.03613,31.57989],[105.03361,31.57924],[105.03225,31.57819],[105.03118,31.5769],[105.03049,31.57559],[105.02989,31.57521],[105.02853,31.57502],[105.02563,31.57526],[105.02456,31.57552],[105.02426,31.5761],[105.02449,31.57688],[105.02615,31.57815],[105.02716,31.5798],[105.02543,31.58256],[105.02537,31.58342],[105.0257,31.58422],[105.02842,31.58748],[105.02884,31.58846],[105.02878,31.58949],[105.02832,31.5912],[105.02807,31.59298],[105.02822,31.59413],[105.02876,31.5951],[105.02984,31.5955],[105.03058,31.59635],[105.0304,31.59824],[105.03062,31.59916],[105.03109,31.60014],[105.03183,31.60087],[105.03258,31.60133],[105.03386,31.60173],[105.03414,31.60247],[105.03328,31.60448],[105.0324,31.60494],[105.03059,31.60455],[105.02972,31.60495],[105.02919,31.60581],[105.02908,31.60828],[105.02946,31.61297],[105.0294,31.61406],[105.02887,31.61538],[105.0262,31.61745],[105.02547,31.61843],[105.02521,31.61946],[105.02543,31.6216],[105.02504,31.62215],[105.02408,31.62281],[105.02314,31.62284],[105.02047,31.62209],[105.0111,31.62004],[105.01009,31.62019],[105.00913,31.62085],[105.00897,31.62411],[105.00942,31.62687],[105.00874,31.62949],[105.00903,31.63368],[105.00831,31.63493],[105.00584,31.6367],[105.00486,31.63771],[105.0041,31.63872],[105.00378,31.64037],[105.00365,31.64249],[105.00454,31.64429],[105.00515,31.64654],[105.00632,31.64988],[105.00622,31.6512],[105.00464,31.65466],[105.00427,31.65591],[105.00456,31.65706],[105.00569,31.65789],[105.00871,31.6579],[105.01164,31.65677],[105.0172,31.65558],[105.01917,31.65483],[105.02056,31.65343],[105.02189,31.65163],[105.02389,31.64778],[105.02479,31.64694],[105.02613,31.64692],[105.02919,31.64825],[105.03056,31.6496],[105.03204,31.65215],[105.03228,31.65313],[105.03195,31.65484],[105.03125,31.65643],[105.03033,31.65773],[105.02936,31.65868],[105.02867,31.66147],[105.02923,31.66464],[105.02862,31.66589],[105.02822,31.66727],[105.02808,31.66847],[105.02808,31.67156],[105.02774,31.67694],[105.02834,31.68181],[105.02733,31.68571],[105.0276,31.68702],[105.02808,31.68822],[105.02888,31.68954],[105.02929,31.69075],[105.02942,31.69184],[105.02861,31.69452],[105.02592,31.70036],[105.02537,31.70213],[105.02484,31.70299],[105.02437,31.7035],[105.02343,31.70396],[105.02222,31.70505],[105.01804,31.70951],[105.01609,31.71105],[105.01508,31.71145],[105.01105,31.71239],[105.00871,31.71271],[105.00767,31.71267],[105.00678,31.71248],[105.00484,31.71108],[105.00341,31.70925],[104.99829,31.70975],[104.99529,31.71183],[104.99512,31.71217],[104.99509,31.71263],[104.99604,31.71369],[104.9964,31.71636],[104.99624,31.71676],[104.99358,31.71698],[104.99317,31.71683],[104.99267,31.71552],[104.9924,31.71534],[104.99159,31.71525],[104.99034,31.71562],[104.98842,31.71785],[104.98748,31.71783],[104.98675,31.71728],[104.98396,31.71619],[104.98254,31.71572],[104.98179,31.71572],[104.97786,31.71911],[104.97634,31.71994],[104.97409,31.72062],[104.97364,31.72156],[104.97328,31.72187],[104.97274,31.72285],[104.97261,31.72344],[104.97213,31.72386],[104.96851,31.72389],[104.96778,31.72406],[104.96728,31.72483],[104.96728,31.72636],[104.96732,31.72734],[104.96797,31.72924],[104.96793,31.73044],[104.966,31.73344],[104.96489,31.73459],[104.96458,31.73516],[104.96435,31.73599],[104.96432,31.73759],[104.96387,31.73862],[104.96174,31.74104],[104.96117,31.74261],[104.95978,31.74383],[104.95935,31.74446],[104.95921,31.74566],[104.95955,31.74741],[104.96082,31.74842],[104.96117,31.75091],[104.9615,31.75174],[104.96107,31.75227],[104.95917,31.75288],[104.95713,31.75477],[104.95688,31.75523],[104.95829,31.7559],[104.95924,31.75733],[104.96002,31.76059],[104.96019,31.76083],[104.96167,31.76226],[104.96346,31.76353],[104.96411,31.76369],[104.96506,31.76369],[104.97292,31.76181],[104.97607,31.76126],[104.97829,31.76166],[104.97932,31.76235],[104.9817,31.7646],[104.98301,31.76513],[104.98407,31.76513],[104.98447,31.76495],[104.98491,31.76413],[104.98521,31.7625],[104.98504,31.76087],[104.98517,31.76034],[104.9863,31.75939],[104.98706,31.75926],[104.98713,31.76],[104.98653,31.76156],[104.98649,31.76295],[104.9866,31.76421],[104.98705,31.76498],[104.99007,31.76517],[104.99251,31.76482],[104.9927,31.76452],[104.99317,31.76427],[104.99391,31.76438],[104.99404,31.76487],[104.99377,31.76748],[104.99571,31.76857],[104.99645,31.76921],[104.99679,31.76972],[104.99662,31.77041],[104.99494,31.77138],[104.99426,31.77324],[104.99399,31.7735],[104.99359,31.77364],[104.98973,31.77305],[104.98932,31.77357],[104.98842,31.7756],[104.98845,31.77646],[104.98828,31.77672],[104.98596,31.77731],[104.98481,31.77797],[104.98285,31.77865],[104.98218,31.7793],[104.98218,31.77999],[104.98242,31.78022],[104.98291,31.78035],[104.9845,31.77997],[104.98501,31.78006],[104.98511,31.7802],[104.98497,31.78077],[104.98417,31.78149],[104.98407,31.78203],[104.98565,31.78376],[104.98616,31.78379],[104.98757,31.78293],[104.98909,31.78297],[104.9899,31.78325],[104.99074,31.78477],[104.99088,31.78546],[104.9907,31.78606],[104.98918,31.78755],[104.98725,31.79012],[104.9862,31.79124],[104.98167,31.79309],[104.98025,31.79311],[104.97931,31.7944],[104.9789,31.79468],[104.97688,31.79479],[104.97665,31.7945],[104.97665,31.7939],[104.97638,31.7937],[104.9754,31.79375],[104.9746,31.7949],[104.97386,31.7955],[104.97341,31.79558],[104.97247,31.79512],[104.97052,31.79371],[104.96974,31.79362],[104.96944,31.79408],[104.96876,31.79697],[104.96826,31.798],[104.96755,31.799],[104.96679,31.7994],[104.96605,31.80009],[104.96551,31.80201],[104.96551,31.80415],[104.96568,31.8049],[104.96615,31.80522],[104.96972,31.80405],[104.97137,31.80391],[104.97181,31.80411],[104.97211,31.80466],[104.97181,31.80695],[104.97223,31.80833],[104.97253,31.80881],[104.9728,31.8089],[104.97314,31.80876],[104.97392,31.80796],[104.97412,31.80796],[104.97536,31.80897],[104.97553,31.80934],[104.97543,31.81014],[104.97455,31.81164],[104.97368,31.81274],[104.97408,31.81392],[104.97447,31.81441],[104.97521,31.81472],[104.97582,31.8147],[104.9769,31.8133],[104.97912,31.81253],[104.97943,31.81262],[104.98273,31.81586],[104.98246,31.81661],[104.97949,31.82001],[104.97932,31.82064],[104.97939,31.82104],[104.98012,31.82184],[104.98059,31.82207],[104.98544,31.82355],[104.98621,31.82401],[104.98646,31.82464],[104.98625,31.82633],[104.98385,31.83233],[104.98311,31.83973],[104.98291,31.84035],[104.98297,31.84215],[104.98338,31.84463],[104.98373,31.84573],[104.98443,31.84623],[104.98566,31.84658],[104.98841,31.84669],[104.98935,31.84639],[104.99228,31.84396],[104.99322,31.84133],[104.99568,31.8389],[104.99609,31.83806],[104.9965,31.83592],[104.99655,31.83403],[104.99705,31.83244],[104.99833,31.83073],[104.99898,31.82889],[105.00078,31.8271],[105.00342,31.82606],[105.00639,31.8264],[105.00734,31.82636],[105.00885,31.82673],[105.01107,31.82835],[105.01213,31.8296],[105.01509,31.831],[105.01589,31.83093],[105.01781,31.83035],[105.01833,31.83054],[105.01901,31.83147],[105.01994,31.83222],[105.02129,31.83303],[105.02372,31.83407],[105.02754,31.83667],[105.0309,31.83841],[105.03179,31.83898],[105.03214,31.83975],[105.03291,31.83999],[105.03555,31.84034],[105.03805,31.83913],[105.03963,31.83896],[105.04019,31.83911],[105.04054,31.83948],[105.04059,31.83979],[105.04013,31.84108],[105.03915,31.84173],[105.03792,31.84285],[105.03765,31.84329],[105.03674,31.84375],[105.03619,31.8443],[105.0354,31.84475],[105.03524,31.84539],[105.0355,31.84583],[105.03632,31.8461],[105.03805,31.84635],[105.03896,31.84819],[105.04079,31.84953],[105.04168,31.84958],[105.04283,31.84922],[105.04297,31.84878],[105.04237,31.84783],[105.04234,31.84756],[105.04257,31.84734],[105.04452,31.84698],[105.04582,31.847],[105.04972,31.84849],[105.0499,31.84935],[105.04926,31.85048],[105.04834,31.85161],[105.04792,31.85246],[105.04871,31.85322],[105.05321,31.85395],[105.05889,31.85539],[105.06138,31.85539],[105.06275,31.8545],[105.06476,31.85501],[105.06641,31.85625],[105.06592,31.85893],[105.06511,31.86137],[105.06564,31.86402],[105.06636,31.86512],[105.06825,31.86728],[105.07004,31.86801],[105.07198,31.86828],[105.07538,31.86955],[105.07934,31.87044],[105.07993,31.87091],[105.08023,31.872],[105.08062,31.87247],[105.08122,31.87242],[105.08191,31.87192],[105.08289,31.87086],[105.08359,31.86984],[105.0841,31.86853],[105.08474,31.86746],[105.0855,31.8665],[105.0868,31.86578],[105.08836,31.86553],[105.08929,31.86584],[105.08994,31.86665],[105.09008,31.86715],[105.09173,31.86875],[105.09184,31.86953],[105.08893,31.87519],[105.08899,31.87621],[105.08985,31.87689],[105.09134,31.8765],[105.09597,31.87455],[105.0975,31.87455],[105.09923,31.87538],[105.09998,31.87528],[105.10072,31.87489],[105.10307,31.8725],[105.10404,31.87196],[105.10478,31.87186],[105.10519,31.87206],[105.10635,31.87366],[105.10739,31.87586],[105.10745,31.87729],[105.10696,31.87837],[105.10615,31.87929],[105.10441,31.88026],[105.10445,31.88137],[105.10491,31.88262],[105.1056,31.8834],[105.10624,31.88473],[105.10553,31.88621],[105.10399,31.88801],[105.10377,31.88892],[105.10394,31.8899],[105.10471,31.89123],[105.10543,31.89445],[105.10605,31.89641],[105.10721,31.89775],[105.1086,31.89852],[105.11123,31.89931],[105.11329,31.89974],[105.11409,31.90018],[105.11455,31.90111],[105.11506,31.90423],[105.11483,31.9055],[105.11558,31.90608],[105.11666,31.90613],[105.11786,31.90588],[105.12129,31.90354],[105.12221,31.90329],[105.12506,31.90338],[105.13031,31.90217],[105.13233,31.90145],[105.13171,31.90351],[105.13191,31.90431],[105.13368,31.90586],[105.1363,31.90705],[105.13677,31.90747],[105.13804,31.90795],[105.14151,31.90882],[105.14535,31.91044],[105.14683,31.91075],[105.14784,31.91054],[105.14984,31.90928],[105.1512,31.90961],[105.15417,31.90999],[105.15657,31.90998],[105.15828,31.90969],[105.15986,31.90818],[105.1598,31.90759],[105.16032,31.9058],[105.16041,31.9043],[105.16147,31.89983],[105.16204,31.89865],[105.16383,31.89674],[105.16603,31.8963],[105.17049,31.89775],[105.17072,31.89798],[105.17108,31.89929],[105.17176,31.8997],[105.17329,31.89991],[105.17599,31.8999],[105.17715,31.9001],[105.17789,31.90057],[105.17992,31.90444],[105.18047,31.9048],[105.18108,31.9048],[105.18206,31.90417],[105.18335,31.90249],[105.18383,31.90024],[105.18445,31.8993],[105.18609,31.89756],[105.18665,31.8973],[105.1872,31.89756],[105.18724,31.89799],[105.18668,31.89855],[105.18474,31.90266],[105.18654,31.90327],[105.18727,31.90509],[105.1931,31.90591],[105.1954,31.90638],[105.19718,31.90626],[105.19822,31.90563],[105.19962,31.90438],[105.20091,31.90442],[105.20222,31.90504],[105.20332,31.90508],[105.20419,31.90481],[105.20434,31.90452],[105.20367,31.90337],[105.2036,31.90253],[105.20391,31.9019],[105.20433,31.90148],[105.20623,31.90012],[105.20715,31.89901],[105.20764,31.89765],[105.20799,31.89331],[105.20817,31.89293],[105.21063,31.89156],[105.21581,31.88964],[105.21881,31.88873],[105.22049,31.88741],[105.22316,31.88495],[105.22367,31.88353],[105.22325,31.88209],[105.2224,31.88139],[105.21702,31.87906],[105.21564,31.87783],[105.21501,31.87628],[105.2146,31.87404],[105.21452,31.87197],[105.21511,31.86746],[105.21503,31.86551],[105.21446,31.86166],[105.21167,31.85595],[105.21082,31.85502],[105.20824,31.85337],[105.20754,31.85198],[105.20759,31.85021],[105.20784,31.84867],[105.20636,31.8436],[105.2053,31.83831],[105.20527,31.83711],[105.20619,31.83541],[105.20845,31.83356],[105.21067,31.83314],[105.21362,31.83342],[105.21607,31.83461],[105.21903,31.83689],[105.21995,31.83703],[105.22158,31.83648],[105.22246,31.83595],[105.22551,31.83509],[105.22883,31.83468],[105.23257,31.83484],[105.23762,31.8317],[105.23975,31.83136],[105.24314,31.83004],[105.24407,31.8293],[105.24456,31.82861],[105.24449,31.82802],[105.24461,31.82764],[105.24775,31.82459],[105.25036,31.81995],[105.25115,31.81824],[105.25153,31.81659],[105.2518,31.80892],[105.2518,31.80646],[105.2516,31.80477],[105.2513,31.80424],[105.25009,31.80361],[105.24748,31.80299],[105.24533,31.80225],[105.24406,31.80168],[105.24339,31.801],[105.24311,31.79974],[105.24373,31.79519],[105.24935,31.78935],[105.25701,31.78445],[105.25781,31.78342],[105.25821,31.7821],[105.25854,31.78016],[105.2592,31.77919],[105.26001,31.77856],[105.26121,31.7781],[105.26175,31.7781],[105.26229,31.77844],[105.26432,31.78587],[105.26469,31.78749],[105.26413,31.79055],[105.26427,31.79101],[105.26783,31.79506],[105.27025,31.79637],[105.27125,31.79666],[105.27192,31.7966],[105.27226,31.79626],[105.27303,31.79354],[105.27349,31.79285],[105.27403,31.79251],[105.27517,31.79217],[105.27684,31.79194],[105.27999,31.79216],[105.28147,31.79244],[105.28275,31.79296],[105.28369,31.79359],[105.28483,31.7941],[105.28658,31.7941],[105.28872,31.79375],[105.28939,31.79318],[105.29059,31.78981],[105.29132,31.78826],[105.29229,31.78783],[105.29479,31.78747],[105.29608,31.78687],[105.29685,31.78574],[105.29681,31.78542],[105.29572,31.78414],[105.29379,31.78118],[105.2937,31.77948],[105.29499,31.77599],[105.29803,31.77377],[105.3029,31.77221],[105.30541,31.77221],[105.30635,31.77207],[105.30766,31.77135],[105.30831,31.76919],[105.30879,31.76657],[105.31035,31.76328],[105.31218,31.75764],[105.31211,31.75512],[105.31273,31.7521],[105.31238,31.74762],[105.31199,31.7467],[105.31139,31.74411],[105.31061,31.74306],[105.30982,31.74253],[105.30922,31.74241],[105.30826,31.74279],[105.30735,31.74397],[105.30578,31.74503],[105.30375,31.7455],[105.3004,31.74509],[105.29393,31.74313],[105.28765,31.74175],[105.28485,31.74095],[105.28311,31.74022],[105.28213,31.73958],[105.28161,31.73876],[105.2815,31.73745],[105.28216,31.73562],[105.28359,31.73384],[105.28437,31.73007],[105.28436,31.72916],[105.28134,31.72705],[105.27999,31.72448],[105.27932,31.72374],[105.27774,31.72286],[105.27666,31.72269],[105.27487,31.72202],[105.27367,31.72108],[105.27264,31.71963],[105.27207,31.71819],[105.27108,31.71814],[105.26861,31.71951],[105.26645,31.71908],[105.26414,31.71821],[105.26228,31.71771],[105.26143,31.71701],[105.26099,31.71603],[105.26101,31.71477],[105.26045,31.71338],[105.25844,31.71066],[105.25492,31.70944],[105.254,31.70862],[105.25356,31.7073],[105.25393,31.7061],[105.25463,31.70486],[105.25525,31.70441],[105.25646,31.7042],[105.25881,31.70425],[105.26016,31.70404],[105.26241,31.70254],[105.26437,31.69971],[105.26539,31.69916],[105.26707,31.69908],[105.26914,31.69952],[105.27316,31.70258],[105.27489,31.70289],[105.27893,31.70286],[105.28197,31.702],[105.28455,31.70091],[105.28617,31.70083],[105.2879,31.70115],[105.28917,31.70163],[105.29021,31.70303],[105.29107,31.70379],[105.29657,31.70665],[105.30067,31.7093],[105.30244,31.71083],[105.30394,31.71252],[105.30506,31.71352],[105.30717,31.71399],[105.30765,31.71457],[105.31306,31.71718],[105.31385,31.7177],[105.31359,31.71826],[105.31535,31.71853],[105.31644,31.71815],[105.31714,31.7172],[105.31777,31.71314],[105.31864,31.71121],[105.31968,31.70957],[105.31973,31.70791],[105.31819,31.70484],[105.3175,31.703],[105.31792,31.70226],[105.31986,31.7007],[105.32347,31.69848],[105.3271,31.69592],[105.32801,31.69462],[105.32824,31.69084],[105.32922,31.68943],[105.33085,31.68832],[105.33554,31.68669],[105.3367,31.68586],[105.33874,31.68258],[105.33992,31.68105],[105.34122,31.67982],[105.34429,31.67851],[105.34513,31.67721],[105.34524,31.67561],[105.34509,31.67348],[105.34467,31.67153],[105.34524,31.66897],[105.34636,31.66579],[105.34748,31.66066],[105.34763,31.65937],[105.34741,31.65827],[105.3468,31.65749],[105.34534,31.65691],[105.34206,31.65608],[105.3394,31.6548],[105.33898,31.65331],[105.33765,31.64475],[105.33621,31.64235],[105.33277,31.63872],[105.332,31.63691],[105.33154,31.63522],[105.33153,31.63315],[105.3319,31.63146],[105.33236,31.63058],[105.33296,31.63028],[105.33573,31.62994],[105.3383,31.62942],[105.34067,31.62832],[105.34294,31.62642],[105.34444,31.62542],[105.3451,31.6254],[105.34651,31.6245],[105.35105,31.62312],[105.35782,31.62023],[105.35896,31.61908],[105.3614,31.61551],[105.36213,31.61501],[105.36371,31.61489],[105.36501,31.61501],[105.36631,31.61562],[105.36763,31.61956],[105.36893,31.62116],[105.37024,31.62227],[105.37168,31.62263],[105.37298,31.62263],[105.3757,31.62181],[105.37838,31.62194],[105.38427,31.62124],[105.38716,31.62025],[105.38815,31.62021],[105.39163,31.61906],[105.39323,31.61837],[105.39457,31.61699],[105.39616,31.61447],[105.39669,31.61195],[105.39667,31.60921],[105.39266,31.60129],[105.39083,31.59691],[105.39166,31.59493],[105.3927,31.59141],[105.39402,31.58931],[105.39461,31.5876],[105.39478,31.586],[105.39456,31.58371],[105.39462,31.57901],[105.3939,31.57281],[105.39477,31.56952],[105.39457,31.56817],[105.3959,31.56668],[105.39636,31.56549],[105.3963,31.56479],[105.39513,31.56281],[105.39513,31.56211],[105.39582,31.56157],[105.39756,31.56151],[105.39878,31.5619],[105.39948,31.56265],[105.39983,31.56334],[105.39978,31.56359],[105.39926,31.56389],[105.39792,31.56389],[105.39763,31.56414],[105.3977,31.56677],[105.39811,31.56702],[105.39898,31.56672],[105.39932,31.56602],[105.39943,31.56493],[105.4018,31.56349],[105.4065,31.56163],[105.40789,31.56078],[105.40897,31.56059],[105.41066,31.55897],[105.41153,31.55871],[105.41363,31.5596],[105.4149,31.5598],[105.41548,31.5595],[105.41623,31.55845],[105.41668,31.55517],[105.41765,31.55055],[105.41752,31.54991],[105.41431,31.54696],[105.41433,31.54663],[105.41559,31.54431],[105.4163,31.54332],[105.41745,31.54257],[105.41903,31.54269],[105.42451,31.54489],[105.42839,31.54487],[105.42997,31.54474],[105.43098,31.54449],[105.43169,31.54375],[105.43197,31.54288],[105.43197,31.54215],[105.43139,31.54128],[105.43099,31.53997],[105.43211,31.53846],[105.43391,31.53879],[105.43592,31.53848],[105.43721,31.53793],[105.43785,31.53688],[105.44416,31.5371],[105.44545,31.53635],[105.44631,31.53524],[105.44688,31.53401],[105.44831,31.53301],[105.45018,31.53251],[105.45217,31.53225],[105.45283,31.53197],[105.45307,31.53089],[105.45366,31.52968],[105.45473,31.52859],[105.4576,31.52743],[105.4592,31.52696]]],[[[104.99515,31.70757],[104.99557,31.70683],[104.99639,31.70665],[104.99706,31.70612],[104.99726,31.70586],[104.9976,31.70461],[104.99719,31.70366],[104.99644,31.70251],[104.99613,31.70159],[104.99451,31.70022],[104.99421,31.6997],[104.99309,31.69973],[104.99065,31.70061],[104.98973,31.70073],[104.98644,31.70039],[104.98543,31.7004],[104.98511,31.70058],[104.98462,31.7036],[104.98485,31.70551],[104.98458,31.70635],[104.98349,31.70752],[104.98349,31.70919],[104.98365,31.70961],[104.98704,31.71002],[104.99049,31.70998],[104.99387,31.70896],[104.99445,31.70854],[104.9951,31.70764],[104.99515,31.70757]]]]}},{"type":"Feature","properties":{"adcode":"510726","name":"北川羌族自治县","level":"district","center":[104.468163,31.617192],"site":"https://geojson.hxkj.vip"},"geometry":{"type":"MultiPolygon","coordinates":[[[[104.58445,31.73177],[104.58616,31.73323],[104.58465,31.73472],[104.58299,31.73681],[104.58033,31.73644],[104.56187,31.74584],[104.56325,31.74788],[104.5599,31.74985],[104.58183,31.75445],[104.58028,31.75292],[104.58118,31.75005],[104.58481,31.74578],[104.58929,31.74246],[104.59104,31.74011],[104.59105,31.73925],[104.59058,31.73839],[104.58984,31.73793],[104.58897,31.73764],[104.5887,31.73701],[104.58972,31.73513],[104.5904,31.73467],[104.59227,31.73519],[104.59374,31.73582],[104.59602,31.73595],[104.59737,31.73572],[104.59791,31.73538],[104.59933,31.73338],[104.59993,31.732],[104.6,31.73103],[104.59405,31.72701],[104.58445,31.73177]]],[[[104.60455,31.76488],[104.60459,31.76406],[104.60434,31.76379],[104.60165,31.76218],[104.59694,31.76133],[104.59597,31.76101],[104.58442,31.75539],[104.58183,31.75445],[104.5599,31.74985],[104.55636,31.75115],[104.55461,31.75113],[104.5528,31.75013],[104.55212,31.74837],[104.55269,31.74694],[104.55504,31.74571],[104.55851,31.74562],[104.56187,31.74584],[104.58033,31.73644],[104.57947,31.73527],[104.57955,31.73257],[104.58204,31.73068],[104.58445,31.73177],[104.59405,31.72701],[104.59278,31.72465],[104.59182,31.72407],[104.59075,31.7227],[104.59065,31.7222],[104.5911,31.72156],[104.59042,31.71875],[104.589,31.71728],[104.5838,31.71308],[104.57973,31.70876],[104.57372,31.70538],[104.56841,31.7028],[104.56228,31.69931],[104.55817,31.69671],[104.55085,31.69306],[104.54528,31.69117],[104.5399,31.68791],[104.53676,31.688],[104.53413,31.68631],[104.53252,31.68557],[104.52635,31.68341],[104.52381,31.68292],[104.5212,31.68283],[104.51812,31.68241],[104.51558,31.68152],[104.51423,31.67993],[104.51402,31.67868],[104.5145,31.67638],[104.51256,31.6715],[104.51191,31.67038],[104.51099,31.66954],[104.50915,31.66919],[104.50825,31.66952],[104.50599,31.67094],[104.50556,31.67015],[104.50683,31.66937],[104.5069,31.66923],[104.50666,31.66867],[104.5069,31.66818],[104.50742,31.66771],[104.50742,31.66749],[104.50667,31.66649],[104.50653,31.6658],[104.50658,31.66455],[104.50707,31.66396],[104.50734,31.66326],[104.50766,31.66317],[104.50878,31.66198],[104.50883,31.66136],[104.50805,31.66133],[104.50798,31.66097],[104.50862,31.6591],[104.50844,31.65822],[104.50935,31.65678],[104.50896,31.65589],[104.50909,31.65474],[104.50843,31.65282],[104.50724,31.65215],[104.50653,31.65089],[104.50719,31.65029],[104.50709,31.64923],[104.50677,31.64901],[104.50532,31.6489],[104.50572,31.64848],[104.50574,31.64803],[104.50656,31.64797],[104.50676,31.64748],[104.50728,31.64743],[104.50789,31.64645],[104.50789,31.6458],[104.50736,31.64548],[104.50667,31.6472],[104.50597,31.64717],[104.50542,31.64771],[104.5051,31.6477],[104.50436,31.64847],[104.50372,31.64803],[104.50407,31.64736],[104.50406,31.64673],[104.50464,31.64556],[104.50445,31.64482],[104.50405,31.64411],[104.50457,31.64315],[104.50484,31.64221],[104.5054,31.64146],[104.5067,31.64189],[104.50717,31.64159],[104.50731,31.64046],[104.50757,31.64046],[104.50827,31.63966],[104.50753,31.63925],[104.50758,31.63884],[104.50833,31.63807],[104.50816,31.63793],[104.50826,31.63773],[104.50991,31.63713],[104.51083,31.63713],[104.51139,31.63692],[104.51179,31.63693],[104.51288,31.63743],[104.51319,31.63733],[104.51313,31.63678],[104.51335,31.63658],[104.51391,31.63635],[104.51503,31.63638],[104.51512,31.63628],[104.51351,31.63598],[104.51289,31.63625],[104.51227,31.63628],[104.51186,31.63658],[104.51117,31.63654],[104.51301,31.63517],[104.51483,31.63492],[104.51397,31.63421],[104.51384,31.63362],[104.51441,31.63353],[104.51637,31.63378],[104.51691,31.63422],[104.51689,31.63387],[104.51643,31.63321],[104.51642,31.63293],[104.51702,31.63222],[104.51684,31.63154],[104.51664,31.63157],[104.51654,31.63233],[104.5161,31.63252],[104.51579,31.63213],[104.5156,31.63218],[104.51562,31.63261],[104.51541,31.63266],[104.51472,31.63226],[104.5148,31.63206],[104.51454,31.63113],[104.51484,31.63084],[104.51464,31.6306],[104.51399,31.63081],[104.5137,31.63047],[104.51343,31.6297],[104.51341,31.62901],[104.51309,31.62896],[104.51304,31.62879],[104.51315,31.6282],[104.51325,31.62812],[104.51338,31.62844],[104.51357,31.62843],[104.51357,31.62816],[104.51307,31.62781],[104.5131,31.62754],[104.51224,31.62679],[104.51194,31.62683],[104.51186,31.62668],[104.51206,31.62663],[104.51202,31.62647],[104.51169,31.62655],[104.51176,31.62604],[104.51158,31.62587],[104.51235,31.62544],[104.51243,31.62498],[104.51192,31.62466],[104.51106,31.62443],[104.51061,31.62475],[104.50923,31.62381],[104.50925,31.62318],[104.50908,31.6228],[104.50914,31.6223],[104.50939,31.62188],[104.50816,31.62044],[104.50819,31.62015],[104.50804,31.62011],[104.50729,31.62069],[104.50675,31.62082],[104.50545,31.62045],[104.50396,31.62033],[104.50346,31.62006],[104.50106,31.6194],[104.50058,31.6199],[104.50032,31.61967],[104.50073,31.61912],[104.50065,31.61903],[104.50022,31.61897],[104.4998,31.61929],[104.49947,31.61927],[104.49915,31.61897],[104.49934,31.61854],[104.49882,31.61882],[104.49851,31.61873],[104.49863,31.61846],[104.49851,31.61821],[104.49741,31.61739],[104.49737,31.61706],[104.49514,31.61394],[104.4914,31.60959],[104.48722,31.60549],[104.47608,31.59404],[104.46993,31.58448],[104.46515,31.57601],[104.45614,31.56782],[104.453,31.56686],[104.44508,31.5662],[104.44482,31.56646],[104.44484,31.56738],[104.44468,31.56743],[104.44376,31.56683],[104.4428,31.56674],[104.44276,31.5657],[104.44247,31.56551],[104.44187,31.56575],[104.44147,31.56644],[104.44091,31.56692],[104.44062,31.56664],[104.4398,31.56677],[104.4388,31.5652],[104.43806,31.56523],[104.43675,31.5658],[104.43542,31.56516],[104.43555,31.56612],[104.43244,31.56778],[104.43234,31.56796],[104.43218,31.56854],[104.43291,31.57144],[104.4322,31.57139],[104.43186,31.57109],[104.43132,31.57144],[104.431,31.57146],[104.43018,31.57106],[104.42983,31.57043],[104.42925,31.57029],[104.42871,31.57059],[104.4287,31.57107],[104.42843,31.57127],[104.42757,31.5714],[104.42631,31.57094],[104.42544,31.57034],[104.42441,31.57048],[104.42196,31.56885],[104.42141,31.56869],[104.42114,31.56737],[104.42087,31.56692],[104.42044,31.56529],[104.4198,31.56476],[104.41887,31.56349],[104.41829,31.56312],[104.41779,31.56301],[104.41639,31.56077],[104.41555,31.56004],[104.41333,31.55887],[104.41167,31.55868],[104.41117,31.55877],[104.41068,31.55855],[104.4102,31.55914],[104.41007,31.55899],[104.41008,31.55825],[104.40935,31.55806],[104.40787,31.5581],[104.40766,31.55791],[104.40646,31.55839],[104.40607,31.55838],[104.4061,31.55864],[104.40668,31.55891],[104.40659,31.5591],[104.40611,31.55921],[104.40666,31.55947],[104.40676,31.56044],[104.40611,31.56092],[104.4058,31.56198],[104.40523,31.56216],[104.40567,31.56243],[104.40554,31.56274],[104.40606,31.56298],[104.40542,31.56314],[104.40572,31.564],[104.40553,31.56456],[104.40423,31.56471],[104.40428,31.56528],[104.40499,31.56631],[104.40617,31.56701],[104.40575,31.56806],[104.4049,31.56834],[104.40439,31.56898],[104.40502,31.57028],[104.40501,31.57057],[104.40466,31.57169],[104.4042,31.57224],[104.40412,31.57355],[104.40383,31.57368],[104.40362,31.57409],[104.40387,31.57447],[104.40406,31.57547],[104.40352,31.57573],[104.40276,31.57569],[104.4025,31.57609],[104.40312,31.57644],[104.40366,31.577],[104.40413,31.57714],[104.40457,31.57816],[104.40446,31.57848],[104.40394,31.5789],[104.4039,31.57994],[104.40357,31.58047],[104.4032,31.58074],[104.40278,31.58173],[104.40248,31.58201],[104.40138,31.58244],[104.40089,31.58307],[104.40151,31.58344],[104.40231,31.58317],[104.40391,31.58346],[104.40372,31.58308],[104.40307,31.58261],[104.40366,31.58235],[104.40344,31.58197],[104.40403,31.58223],[104.4046,31.58329],[104.40432,31.58568],[104.40452,31.58606],[104.40588,31.5868],[104.40678,31.58786],[104.40665,31.58848],[104.40509,31.5883],[104.40442,31.58851],[104.40413,31.58888],[104.40466,31.58876],[104.40541,31.58889],[104.40598,31.58943],[104.40702,31.58991],[104.40788,31.58974],[104.40797,31.59013],[104.40848,31.59025],[104.40855,31.59065],[104.40843,31.59079],[104.40792,31.59037],[104.40738,31.59024],[104.40727,31.59083],[104.40677,31.59081],[104.40645,31.59057],[104.40589,31.59082],[104.40513,31.59138],[104.40478,31.59186],[104.40557,31.59223],[104.40533,31.59232],[104.40477,31.59216],[104.40469,31.59237],[104.40504,31.59254],[104.40489,31.59274],[104.4046,31.59269],[104.40447,31.59289],[104.40411,31.59276],[104.40394,31.59276],[104.40392,31.5929],[104.40347,31.59286],[104.40312,31.59344],[104.40287,31.59338],[104.40338,31.59274],[104.40242,31.59185],[104.40259,31.59162],[104.4022,31.59111],[104.40155,31.59141],[104.40167,31.59175],[104.40148,31.59196],[104.40128,31.5919],[104.40097,31.59233],[104.40072,31.59219],[104.39971,31.59221],[104.39953,31.59244],[104.39906,31.59242],[104.39696,31.59344],[104.39643,31.59318],[104.39568,31.59322],[104.39546,31.59354],[104.39537,31.59303],[104.3949,31.59294],[104.39492,31.59369],[104.39523,31.59429],[104.3948,31.59456],[104.3953,31.59482],[104.39487,31.59483],[104.3952,31.59528],[104.3946,31.5951],[104.39456,31.59561],[104.39475,31.59578],[104.39509,31.59576],[104.39557,31.59615],[104.39569,31.59641],[104.39552,31.59661],[104.39562,31.59734],[104.39595,31.59754],[104.39625,31.59809],[104.39676,31.59823],[104.39608,31.59865],[104.39531,31.59874],[104.39511,31.59932],[104.39469,31.59927],[104.39424,31.59972],[104.39328,31.59967],[104.39293,31.59997],[104.39297,31.6002],[104.39372,31.60048],[104.39466,31.6014],[104.3944,31.60209],[104.39507,31.60252],[104.39551,31.60307],[104.39548,31.60443],[104.39664,31.60635],[104.39658,31.60671],[104.39513,31.60756],[104.39509,31.60808],[104.39475,31.60834],[104.39475,31.60855],[104.39674,31.60952],[104.39794,31.61056],[104.39968,31.61077],[104.39963,31.61114],[104.39919,31.61151],[104.39831,31.6114],[104.39804,31.61154],[104.39824,31.61193],[104.39798,31.6124],[104.39808,31.61253],[104.39849,31.61282],[104.39912,31.61241],[104.39932,31.61259],[104.39845,31.61327],[104.39782,31.61326],[104.39766,31.61302],[104.39709,31.61278],[104.39632,31.61138],[104.39442,31.61032],[104.39329,31.61033],[104.39275,31.61114],[104.39281,31.61136],[104.39259,31.61135],[104.39252,31.61153],[104.39283,31.61175],[104.39276,31.61235],[104.39234,31.61238],[104.39222,31.61261],[104.39224,31.6136],[104.39309,31.61445],[104.39304,31.61469],[104.39215,31.61503],[104.39176,31.61493],[104.39154,31.61506],[104.39083,31.61441],[104.38997,31.61403],[104.38955,31.61409],[104.38881,31.61387],[104.38877,31.61407],[104.38904,31.61427],[104.38842,31.61472],[104.38824,31.61551],[104.38784,31.61599],[104.38773,31.61645],[104.38732,31.61645],[104.38685,31.61694],[104.38635,31.6168],[104.38576,31.61734],[104.38534,31.61718],[104.38508,31.61773],[104.38411,31.61754],[104.3837,31.61725],[104.38314,31.61842],[104.38199,31.61948],[104.38065,31.62117],[104.37252,31.61525],[104.3717,31.61594],[104.37138,31.61638],[104.37314,31.61783],[104.37384,31.61918],[104.37358,31.61945],[104.37251,31.61973],[104.37305,31.62042],[104.37344,31.62065],[104.37338,31.62076],[104.37244,31.6209],[104.37229,31.62148],[104.37132,31.62162],[104.37098,31.62212],[104.37037,31.6221],[104.37047,31.62246],[104.37029,31.62355],[104.36984,31.62387],[104.36864,31.62529],[104.36808,31.62549],[104.36766,31.62501],[104.3668,31.62597],[104.36657,31.62595],[104.36629,31.62549],[104.36602,31.62616],[104.36642,31.62613],[104.3665,31.62625],[104.3659,31.62692],[104.36567,31.62781],[104.36412,31.62822],[104.36412,31.62881],[104.36444,31.62924],[104.36457,31.63003],[104.36495,31.6304],[104.3649,31.63076],[104.36579,31.63111],[104.36573,31.63151],[104.36632,31.63197],[104.36628,31.63273],[104.36428,31.63325],[104.36501,31.6343],[104.36476,31.63501],[104.36576,31.63565],[104.36608,31.63652],[104.36633,31.63662],[104.36636,31.63557],[104.36683,31.63481],[104.36733,31.63472],[104.36863,31.63486],[104.36834,31.63575],[104.36842,31.63613],[104.36911,31.63641],[104.36998,31.63649],[104.36998,31.63754],[104.36981,31.63772],[104.36916,31.63759],[104.3681,31.63789],[104.36757,31.6385],[104.36727,31.63979],[104.36559,31.6407],[104.36516,31.64036],[104.36398,31.64057],[104.36335,31.63956],[104.36243,31.64021],[104.36212,31.64073],[104.36235,31.64137],[104.3627,31.64131],[104.36267,31.64082],[104.36378,31.64132],[104.364,31.64335],[104.36489,31.6439],[104.36557,31.64517],[104.36487,31.64527],[104.36346,31.64682],[104.36337,31.64741],[104.36383,31.64767],[104.36376,31.64803],[104.36306,31.64803],[104.36289,31.64851],[104.36216,31.64897],[104.362,31.6493],[104.36122,31.64955],[104.3607,31.64996],[104.35983,31.65031],[104.36068,31.6506],[104.36013,31.65175],[104.35976,31.65213],[104.35746,31.65135],[104.35702,31.65094],[104.35618,31.64966],[104.35437,31.65063],[104.3539,31.65118],[104.35651,31.65299],[104.35777,31.65437],[104.35814,31.65498],[104.3578,31.65555],[104.35718,31.65491],[104.35654,31.65454],[104.35598,31.65467],[104.35571,31.65517],[104.35565,31.6558],[104.35505,31.65614],[104.35533,31.65693],[104.35615,31.6571],[104.35683,31.65778],[104.35856,31.65889],[104.35948,31.65996],[104.36242,31.66197],[104.36259,31.66254],[104.36404,31.66314],[104.36431,31.66375],[104.36498,31.66456],[104.36569,31.66467],[104.36687,31.66448],[104.36772,31.66383],[104.36938,31.66394],[104.37019,31.66368],[104.37092,31.6641],[104.37178,31.66404],[104.37209,31.66426],[104.37377,31.66417],[104.37407,31.66466],[104.37399,31.66493],[104.37181,31.66587],[104.37201,31.66793],[104.3726,31.66862],[104.37642,31.66782],[104.37793,31.66801],[104.37846,31.66824],[104.3784,31.66925],[104.37861,31.66953],[104.38054,31.67023],[104.38131,31.67097],[104.38075,31.67239],[104.38098,31.67334],[104.38114,31.67343],[104.38157,31.67334],[104.38265,31.67214],[104.38323,31.67184],[104.38353,31.67188],[104.38384,31.67237],[104.38388,31.67311],[104.38012,31.67511],[104.37968,31.67563],[104.37987,31.67584],[104.38113,31.6754],[104.38182,31.67535],[104.38207,31.6754],[104.38209,31.67584],[104.38126,31.67669],[104.37936,31.67714],[104.3781,31.67763],[104.37801,31.67894],[104.37867,31.67912],[104.38187,31.6792],[104.38194,31.67946],[104.38136,31.67993],[104.37985,31.6808],[104.38079,31.68188],[104.38269,31.68092],[104.38335,31.68028],[104.38513,31.68073],[104.38551,31.68147],[104.38587,31.68286],[104.38671,31.68439],[104.38668,31.68471],[104.38585,31.68592],[104.38544,31.68618],[104.38478,31.68602],[104.38402,31.68528],[104.38367,31.68675],[104.38316,31.68699],[104.38054,31.68593],[104.37841,31.68483],[104.3775,31.68465],[104.37511,31.68788],[104.37494,31.68842],[104.37574,31.68997],[104.37599,31.69157],[104.37748,31.6944],[104.3774,31.69759],[104.37643,31.69735],[104.37597,31.69763],[104.37557,31.69838],[104.37492,31.70079],[104.3748,31.70228],[104.37428,31.70463],[104.37268,31.70641],[104.37162,31.70688],[104.37121,31.70728],[104.37061,31.70728],[104.36927,31.70718],[104.36551,31.7064],[104.36167,31.70596],[104.35999,31.70562],[104.35885,31.70575],[104.35717,31.70632],[104.35503,31.70731],[104.3521,31.70927],[104.34621,31.71113],[104.34212,31.71212],[104.34118,31.71367],[104.34132,31.7143],[104.34153,31.71504],[104.34277,31.71728],[104.34412,31.71864],[104.34582,31.72087],[104.34637,31.72242],[104.34914,31.7326],[104.34936,31.73494],[104.34897,31.73655],[104.34831,31.73758],[104.34724,31.73822],[104.34656,31.7384],[104.34435,31.73742],[104.34138,31.73658],[104.3378,31.73511],[104.33558,31.73506],[104.33371,31.7357],[104.33298,31.73622],[104.32873,31.74236],[104.32711,31.74429],[104.32551,31.74569],[104.32374,31.74854],[104.32331,31.74879],[104.3223,31.74864],[104.32063,31.74763],[104.31891,31.74739],[104.31776,31.74764],[104.31662,31.74814],[104.31618,31.74871],[104.31522,31.75083],[104.31345,31.75276],[104.31036,31.75523],[104.30768,31.7566],[104.30662,31.75752],[104.30649,31.76168],[104.30705,31.7661],[104.30684,31.76764],[104.30561,31.77021],[104.30533,31.7717],[104.30517,31.77514],[104.3036,31.77793],[104.30282,31.7798],[104.30249,31.78331],[104.30173,31.78548],[104.30098,31.78697],[104.29982,31.78828],[104.29868,31.78913],[104.29727,31.78969],[104.29538,31.78979],[104.29397,31.78961],[104.29072,31.78858],[104.28945,31.78802],[104.28749,31.78682],[104.28127,31.78164],[104.27979,31.78194],[104.27845,31.78195],[104.27481,31.78059],[104.27367,31.78048],[104.27126,31.78124],[104.26905,31.78124],[104.2661,31.7804],[104.26238,31.7779],[104.26036,31.77671],[104.25801,31.77564],[104.25658,31.77467],[104.25531,31.77319],[104.25422,31.77119],[104.25394,31.76985],[104.25355,31.76929],[104.25268,31.76877],[104.24873,31.76824],[104.24833,31.76783],[104.24854,31.76686],[104.24956,31.76469],[104.2493,31.76405],[104.2471,31.76255],[104.24304,31.76183],[104.23918,31.75868],[104.23795,31.75623],[104.236,31.75446],[104.23513,31.75435],[104.23419,31.75458],[104.23186,31.75608],[104.23092,31.75621],[104.23044,31.75604],[104.23018,31.75576],[104.22984,31.7545],[104.22847,31.75124],[104.22545,31.74814],[104.21615,31.74692],[104.21341,31.74696],[104.21247,31.7465],[104.21227,31.74581],[104.21384,31.74244],[104.21439,31.74169],[104.21446,31.74089],[104.214,31.73991],[104.2128,31.73934],[104.20978,31.73818],[104.2085,31.73797],[104.20454,31.7368],[104.20126,31.73625],[104.19818,31.73552],[104.19677,31.7348],[104.19549,31.73372],[104.19009,31.72987],[104.18497,31.7291],[104.18203,31.72894],[104.17588,31.73097],[104.17466,31.73193],[104.17359,31.73225],[104.17178,31.73239],[104.17107,31.7323],[104.17186,31.73517],[104.17247,31.73614],[104.17294,31.73986],[104.1728,31.74307],[104.17226,31.74636],[104.17222,31.75023],[104.17187,31.75252],[104.17251,31.75539],[104.1723,31.75654],[104.17057,31.75899],[104.17029,31.76025],[104.17035,31.76094],[104.17107,31.76266],[104.17566,31.76607],[104.17599,31.7667],[104.17564,31.76853],[104.1753,31.76916],[104.17483,31.76944],[104.17107,31.77005],[104.16986,31.77079],[104.16945,31.77142],[104.16938,31.77217],[104.16957,31.7732],[104.17029,31.77463],[104.17022,31.77893],[104.16975,31.7799],[104.16914,31.78053],[104.16793,31.78139],[104.16671,31.78201],[104.16584,31.78292],[104.16629,31.78424],[104.16696,31.78528],[104.16855,31.78609],[104.16875,31.78649],[104.16854,31.78683],[104.16821,31.78706],[104.16768,31.78711],[104.16494,31.78641],[104.16326,31.78669],[104.16167,31.78775],[104.16122,31.78857],[104.1613,31.78886],[104.16195,31.78881],[104.16263,31.78909],[104.16323,31.78996],[104.16335,31.7907],[104.16321,31.79127],[104.16207,31.79242],[104.16073,31.79293],[104.15858,31.79326],[104.15295,31.79346],[104.15247,31.79437],[104.15292,31.79621],[104.15385,31.79707],[104.1552,31.79799],[104.15804,31.79805],[104.15845,31.79825],[104.15854,31.79854],[104.15816,31.80042],[104.15771,31.80088],[104.1573,31.80111],[104.15522,31.80098],[104.15476,31.80109],[104.15408,31.80172],[104.15327,31.80297],[104.15258,31.80417],[104.15224,31.80566],[104.15183,31.81007],[104.15262,31.81105],[104.15591,31.81078],[104.15684,31.81113],[104.1575,31.8117],[104.1597,31.81739],[104.15963,31.81825],[104.15915,31.81876],[104.15881,31.81882],[104.15821,31.81864],[104.15375,31.81587],[104.15288,31.81569],[104.15221,31.81586],[104.15139,31.81689],[104.14907,31.8214],[104.1482,31.82226],[104.14725,31.82237],[104.14619,31.82225],[104.14499,31.82144],[104.14466,31.82041],[104.14658,31.81589],[104.14626,31.81463],[104.14566,31.81422],[104.14472,31.81399],[104.14284,31.81432],[104.1386,31.81579],[104.13679,31.81658],[104.13291,31.81593],[104.1321,31.81644],[104.13167,31.81924],[104.13085,31.82022],[104.12728,31.82243],[104.12694,31.82323],[104.1279,31.82713],[104.12763,31.82873],[104.12688,31.82947],[104.1254,31.83004],[104.11968,31.83132],[104.11184,31.83116],[104.10983,31.83126],[104.10854,31.83194],[104.10698,31.8337],[104.1059,31.83456],[104.10301,31.83505],[104.09441,31.83516],[104.09051,31.83544],[104.08816,31.83544],[104.08594,31.83579],[104.08319,31.83865],[104.08104,31.83876],[104.0801,31.83864],[104.07869,31.83778],[104.07701,31.83704],[104.07432,31.83531],[104.06962,31.83285],[104.06647,31.83083],[104.06471,31.82997],[104.06109,31.82905],[104.05954,31.82984],[104.05685,31.8323],[104.05517,31.83459],[104.05442,31.83716],[104.05327,31.84335],[104.05205,31.84546],[104.05064,31.84655],[104.04654,31.84928],[104.04532,31.84969],[104.04365,31.84956],[104.0419,31.84911],[104.03914,31.848],[104.03429,31.84696],[104.03072,31.84695],[104.02789,31.84792],[104.0192,31.85212],[104.01819,31.85384],[104.01799,31.85573],[104.01784,31.86053],[104.01737,31.86225],[104.01629,31.86265],[104.01528,31.8627],[104.01394,31.86247],[104.01225,31.86177],[104.00841,31.8609],[104.00504,31.86055],[104.00127,31.86036],[103.99797,31.86092],[103.99487,31.86165],[103.99177,31.86135],[103.98505,31.85915],[103.98013,31.85821],[103.97771,31.85706],[103.97664,31.85637],[103.97549,31.85602],[103.97414,31.85705],[103.97337,31.85798],[103.97272,31.85813],[103.97219,31.85859],[103.97184,31.85933],[103.97158,31.86139],[103.96987,31.8674],[103.96892,31.87432],[103.96683,31.8785],[103.96602,31.87953],[103.96494,31.88033],[103.96352,31.88089],[103.96063,31.88099],[103.95713,31.8807],[103.95625,31.88098],[103.95591,31.88235],[103.95591,31.88699],[103.95548,31.891],[103.95575,31.8926],[103.95668,31.89587],[103.9583,31.90023],[103.95843,31.90189],[103.95768,31.90355],[103.95721,31.90389],[103.95566,31.90411],[103.94966,31.90592],[103.9471,31.90695],[103.94649,31.90758],[103.94622,31.90844],[103.94608,31.91096],[103.94581,31.91216],[103.94528,31.91312],[103.9451,31.9144],[103.94516,31.91764],[103.94568,31.91956],[103.94564,31.92017],[103.94543,31.92051],[103.94421,31.92127],[103.94134,31.92178],[103.94067,31.92209],[103.93996,31.92257],[103.93554,31.92673],[103.93109,31.93164],[103.93063,31.93193],[103.92881,31.93198],[103.928,31.93221],[103.92747,31.93261],[103.92699,31.93306],[103.92571,31.93495],[103.92246,31.94039],[103.92138,31.94158],[103.92011,31.9425],[103.91937,31.94268],[103.91815,31.94239],[103.91755,31.94192],[103.91668,31.9406],[103.91494,31.93877],[103.91219,31.93647],[103.90293,31.93221],[103.89944,31.93078],[103.89635,31.93026],[103.88938,31.93002],[103.88609,31.92922],[103.88274,31.92744],[103.8806,31.92606],[103.87913,31.92428],[103.87688,31.91787],[103.875,31.9173],[103.87204,31.91706],[103.86997,31.91723],[103.86199,31.91706],[103.85924,31.91838],[103.85864,31.91895],[103.85628,31.92044],[103.85354,31.92118],[103.84891,31.92101],[103.84576,31.92118],[103.84273,31.92221],[103.84106,31.92329],[103.84005,31.9245],[103.8344,31.92982],[103.82606,31.93555],[103.82331,31.93715],[103.81795,31.93984],[103.81493,31.94053],[103.81324,31.9407],[103.80956,31.94046],[103.80648,31.94006],[103.80292,31.94046],[103.79957,31.94172],[103.79312,31.94492],[103.7905,31.94565],[103.78701,31.94582],[103.78259,31.94634],[103.77774,31.94713],[103.77285,31.94729],[103.76359,31.94641],[103.75975,31.94818],[103.75396,31.95143],[103.75113,31.95342],[103.74952,31.95479],[103.74876,31.95674],[103.7495,31.95754],[103.75271,31.96007],[103.75425,31.96254],[103.75484,31.96438],[103.75557,31.96816],[103.75569,31.96982],[103.7552,31.97497],[103.75532,31.97732],[103.75572,31.97835],[103.75726,31.98064],[103.75818,31.98254],[103.75891,31.98431],[103.75931,31.98632],[103.7595,31.98861],[103.75928,31.99241],[103.75826,31.99792],[103.761,32.00264],[103.76212,32.00421],[103.7666,32.0079],[103.76975,32.00989],[103.77295,32.01109],[103.77472,32.01196],[103.77609,32.01285],[103.77652,32.01364],[103.77656,32.01502],[103.77583,32.01761],[103.77519,32.02123],[103.77557,32.02237],[103.77613,32.02327],[103.77682,32.02389],[103.77798,32.02432],[103.77952,32.02452],[103.78055,32.02484],[103.78131,32.02551],[103.78201,32.02692],[103.78374,32.0329],[103.78417,32.03398],[103.78493,32.03471],[103.78637,32.03582],[103.78761,32.03648],[103.79065,32.0371],[103.79367,32.0372],[103.79429,32.03764],[103.79535,32.03946],[103.79567,32.04094],[103.79577,32.04225],[103.7955,32.04449],[103.79581,32.04597],[103.79712,32.04697],[103.79924,32.04807],[103.80698,32.05082],[103.80909,32.05186],[103.81281,32.0528],[103.81509,32.05269],[103.81583,32.05279],[103.81639,32.05323],[103.81711,32.05471],[103.81703,32.05906],[103.81719,32.0602],[103.8177,32.06128],[103.82483,32.07057],[103.82491,32.07108],[103.82467,32.072],[103.82334,32.07484],[103.81937,32.08095],[103.81779,32.08436],[103.81701,32.08747],[103.81685,32.08903],[103.81624,32.09082],[103.81407,32.09476],[103.81316,32.09593],[103.81202,32.09802],[103.81207,32.09967],[103.81284,32.10332],[103.81328,32.10652],[103.81419,32.10988],[103.81516,32.11072],[103.81645,32.11138],[103.81849,32.11213],[103.82425,32.11371],[103.8264,32.11401],[103.82689,32.11434],[103.8268,32.11623],[103.82638,32.11767],[103.82605,32.11991],[103.82619,32.12266],[103.82591,32.12662],[103.82619,32.12942],[103.82676,32.13032],[103.82806,32.13109],[103.82942,32.13152],[103.83137,32.13159],[103.84058,32.12977],[103.84395,32.12958],[103.84602,32.1293],[103.84836,32.1289],[103.85175,32.12779],[103.85394,32.12682],[103.85515,32.12674],[103.85624,32.12734],[103.8577,32.12885],[103.85835,32.1301],[103.85907,32.1322],[103.85944,32.13723],[103.85903,32.14159],[103.85715,32.14622],[103.85505,32.15017],[103.85317,32.15491],[103.85265,32.1571],[103.85078,32.16017],[103.85054,32.16098],[103.85075,32.16132],[103.85211,32.16175],[103.85419,32.1617],[103.86056,32.16092],[103.86776,32.15898],[103.8745,32.15739],[103.88416,32.15586],[103.88788,32.15439],[103.88982,32.15395],[103.8919,32.15396],[103.8942,32.15436],[103.89626,32.15535],[103.89741,32.15573],[103.89848,32.15559],[103.89994,32.15464],[103.90263,32.15229],[103.90461,32.15093],[103.90878,32.14854],[103.91549,32.14548],[103.91942,32.14402],[103.92256,32.14309],[103.92479,32.14304],[103.92641,32.14324],[103.93539,32.14545],[103.93731,32.14639],[103.93887,32.14681],[103.94035,32.14684],[103.94149,32.14676],[103.94457,32.14567],[103.94748,32.14578],[103.95097,32.14491],[103.95382,32.1433],[103.95737,32.14065],[103.96112,32.13926],[103.96274,32.13917],[103.9698,32.14017],[103.97326,32.14085],[103.97468,32.14088],[103.97615,32.14033],[103.98039,32.13561],[103.9825,32.13368],[103.9834,32.1324],[103.98479,32.12951],[103.98802,32.12475],[103.98894,32.12364],[103.9913,32.12153],[103.995,32.11888],[103.99633,32.11834],[103.99781,32.11819],[103.99951,32.11839],[104.00264,32.11919],[104.0043,32.12007],[104.00582,32.12119],[104.00863,32.12239],[104.01238,32.12358],[104.01711,32.12377],[104.01966,32.12487],[104.02365,32.12707],[104.02698,32.12804],[104.03841,32.13033],[104.0454,32.13122],[104.04898,32.13137],[104.05039,32.13106],[104.05486,32.12942],[104.05882,32.12864],[104.06306,32.12827],[104.06987,32.12806],[104.07176,32.12785],[104.0755,32.1269],[104.08274,32.1259],[104.08997,32.12779],[104.09185,32.12795],[104.09302,32.12758],[104.09884,32.12502],[104.10056,32.12503],[104.10127,32.13204],[104.10244,32.13314],[104.10895,32.13626],[104.11177,32.13785],[104.11532,32.13909],[104.11796,32.13948],[104.12908,32.14024],[104.13022,32.14009],[104.13168,32.1396],[104.13498,32.13769],[104.14339,32.13413],[104.14741,32.12735],[104.1483,32.12681],[104.1505,32.12644],[104.15192,32.12577],[104.1525,32.12577],[104.15287,32.12589],[104.15254,32.12859],[104.15128,32.12863],[104.1507,32.12888],[104.15077,32.13056],[104.14927,32.13307],[104.14926,32.13406],[104.14985,32.13595],[104.14817,32.13848],[104.1458,32.14042],[104.14433,32.14446],[104.14288,32.14699],[104.14155,32.14829],[104.14171,32.14919],[104.14215,32.14967],[104.15223,32.15289],[104.15654,32.15891],[104.1575,32.16317],[104.15762,32.16495],[104.15794,32.16648],[104.15806,32.16808],[104.1579,32.17107],[104.15882,32.17648],[104.15997,32.17858],[104.16227,32.18133],[104.16406,32.18219],[104.1651,32.18303],[104.16899,32.18482],[104.17434,32.18617],[104.17587,32.18756],[104.17665,32.18857],[104.17773,32.1906],[104.17762,32.19147],[104.17849,32.19322],[104.1819,32.19657],[104.18547,32.19865],[104.18793,32.19985],[104.19618,32.20318],[104.20099,32.20575],[104.20618,32.20808],[104.21371,32.21178],[104.22172,32.21536],[104.2266,32.21649],[104.23308,32.21673],[104.24432,32.21621],[104.25392,32.21506],[104.25626,32.21437],[104.25714,32.21475],[104.25748,32.21474],[104.25793,32.21198],[104.25796,32.20911],[104.25705,32.20639],[104.25551,32.2027],[104.25494,32.20163],[104.25345,32.19955],[104.25031,32.1963],[104.24926,32.19552],[104.24835,32.19457],[104.24769,32.19299],[104.2466,32.18677],[104.24571,32.18433],[104.24484,32.18068],[104.2451,32.17288],[104.24499,32.17156],[104.24235,32.16527],[104.2421,32.16373],[104.24239,32.16253],[104.24314,32.16102],[104.24419,32.15996],[104.24577,32.15883],[104.252,32.15581],[104.26007,32.15148],[104.26204,32.14972],[104.26305,32.14769],[104.26314,32.14683],[104.26298,32.14626],[104.2635,32.14544],[104.26415,32.14474],[104.26601,32.14367],[104.2678,32.1431],[104.27081,32.14246],[104.27283,32.14224],[104.27419,32.14232],[104.2778,32.14349],[104.27997,32.1439],[104.28321,32.14394],[104.28933,32.14334],[104.29102,32.14341],[104.29646,32.14437],[104.29713,32.1443],[104.2982,32.14376],[104.30076,32.14008],[104.30222,32.13759],[104.30814,32.13126],[104.30989,32.12887],[104.31197,32.1247],[104.31199,32.12338],[104.31332,32.12105],[104.31435,32.11971],[104.31539,32.11854],[104.31887,32.11588],[104.32246,32.11219],[104.32377,32.11107],[104.32867,32.10838],[104.33206,32.10698],[104.33554,32.10598],[104.34123,32.10482],[104.35683,32.09906],[104.36075,32.09736],[104.36723,32.09555],[104.36902,32.09487],[104.3742,32.09251],[104.37704,32.09078],[104.37842,32.08977],[104.37906,32.08889],[104.37933,32.08693],[104.37922,32.08579],[104.37874,32.0838],[104.37883,32.08242],[104.37912,32.08098],[104.37996,32.07833],[104.38054,32.07751],[104.38158,32.07651],[104.38317,32.07533],[104.38642,32.07393],[104.39027,32.07246],[104.3986,32.06996],[104.40013,32.06923],[104.40418,32.06781],[104.40477,32.06721],[104.40608,32.06254],[104.4074,32.05999],[104.40849,32.05847],[104.4107,32.05618],[104.4135,32.05387],[104.4149,32.05337],[104.41711,32.05314],[104.42118,32.05372],[104.42472,32.055],[104.42968,32.05618],[104.43076,32.05673],[104.43148,32.05768],[104.43324,32.06164],[104.43654,32.06728],[104.43993,32.07189],[104.44119,32.07311],[104.4439,32.07738],[104.44636,32.08029],[104.44743,32.08181],[104.44874,32.08304],[104.4502,32.08414],[104.45143,32.08474],[104.45339,32.08496],[104.4554,32.08491],[104.45788,32.08455],[104.46016,32.08471],[104.46212,32.08506],[104.46348,32.08548],[104.46424,32.08609],[104.46405,32.08815],[104.46299,32.09214],[104.46283,32.09329],[104.46282,32.09472],[104.463,32.09592],[104.46284,32.09707],[104.4619,32.10088],[104.46135,32.1025],[104.46085,32.10515],[104.4611,32.10652],[104.46287,32.10887],[104.46404,32.10952],[104.46607,32.1101],[104.46789,32.11033],[104.46957,32.11017],[104.47096,32.10972],[104.47259,32.10819],[104.47399,32.1062],[104.47529,32.10478],[104.47653,32.10377],[104.48446,32.10033],[104.48584,32.09954],[104.48694,32.09854],[104.48862,32.09654],[104.49083,32.09298],[104.49277,32.09097],[104.49512,32.08907],[104.49775,32.08773],[104.50266,32.08415],[104.50384,32.08371],[104.50487,32.08402],[104.5059,32.08468],[104.50856,32.08592],[104.50984,32.08588],[104.51095,32.08516],[104.51425,32.08156],[104.51548,32.08055],[104.52085,32.07661],[104.52196,32.07595],[104.52342,32.0754],[104.5263,32.07513],[104.52751,32.07527],[104.53015,32.07593],[104.5319,32.07594],[104.5331,32.07573],[104.53562,32.07463],[104.53906,32.07172],[104.54129,32.07022],[104.54557,32.0662],[104.54747,32.06466],[104.54852,32.06411],[104.55092,32.06323],[104.55215,32.06245],[104.55391,32.06069],[104.55472,32.05917],[104.55537,32.05858],[104.55743,32.05806],[104.55851,32.05797],[104.56173,32.05816],[104.56436,32.05803],[104.57198,32.05666],[104.57541,32.05525],[104.57943,32.05268],[104.58127,32.05181],[104.58249,32.05201],[104.58584,32.05335],[104.58734,32.05365],[104.59058,32.05385],[104.59171,32.05365],[104.59428,32.05208],[104.59747,32.05102],[104.60045,32.04962],[104.60565,32.04816],[104.61195,32.04718],[104.6137,32.0472],[104.62035,32.04833],[104.62223,32.04817],[104.6239,32.04772],[104.62556,32.04705],[104.62721,32.04615],[104.62914,32.04546],[104.63081,32.04507],[104.63668,32.04509],[104.64305,32.04578],[104.64426,32.04558],[104.64477,32.04493],[104.64452,32.04374],[104.64379,32.04232],[104.64341,32.04102],[104.64222,32.03847],[104.64152,32.0358],[104.64114,32.03323],[104.64134,32.02629],[104.64199,32.02381],[104.6433,32.02114],[104.64455,32.02001],[104.6462,32.01911],[104.64866,32.01825],[104.65113,32.01761],[104.65294,32.01722],[104.65602,32.01685],[104.65776,32.01623],[104.65941,32.01539],[104.66151,32.01407],[104.6638,32.01206],[104.66851,32.00666],[104.67246,32.00404],[104.67432,32.00331],[104.67574,32.00333],[104.6824,32.00602],[104.68893,32.009],[104.6931,32.01038],[104.69683,32.01091],[104.69976,32.01186],[104.70482,32.01505],[104.70571,32.01537],[104.70691,32.01511],[104.71058,32.01243],[104.71313,32.01024],[104.71426,32.00826],[104.71443,32.00734],[104.71446,32.00654],[104.7134,32.0037],[104.71413,32.00162],[104.71496,32.00028],[104.71957,31.99643],[104.72203,31.99312],[104.72315,31.99203],[104.72435,31.99123],[104.72336,31.98755],[104.71852,31.98226],[104.71525,31.97977],[104.71182,31.97856],[104.7067,31.97711],[104.70484,31.9757],[104.70113,31.97058],[104.69776,31.9687],[104.69736,31.96773],[104.69756,31.9667],[104.6981,31.96579],[104.69979,31.96419],[104.7004,31.96333],[104.70047,31.96253],[104.69673,31.95363],[104.69444,31.94727],[104.6945,31.94597],[104.69427,31.94414],[104.69321,31.93979],[104.69292,31.93762],[104.69229,31.93562],[104.69175,31.93476],[104.69167,31.93425],[104.69187,31.93333],[104.69296,31.93139],[104.69776,31.92677],[104.69965,31.9258],[104.70188,31.923],[104.7031,31.92243],[104.70418,31.92226],[104.70552,31.92239],[104.7099,31.92366],[104.7132,31.92396],[104.71368,31.92373],[104.71395,31.92316],[104.71402,31.92202],[104.71308,31.91915],[104.71245,31.91806],[104.7118,31.9176],[104.71016,31.91533],[104.70986,31.91396],[104.70985,31.91292],[104.71025,31.9116],[104.71129,31.90954],[104.71423,31.905],[104.71572,31.9034],[104.71957,31.90118],[104.72004,31.90044],[104.71985,31.89958],[104.71447,31.89606],[104.71146,31.89304],[104.7077,31.89049],[104.70224,31.88429],[104.69814,31.8802],[104.69033,31.87447],[104.68749,31.87357],[104.68183,31.87219],[104.67763,31.87084],[104.67421,31.87057],[104.67387,31.87069],[104.67356,31.87321],[104.67257,31.87442],[104.67163,31.87483],[104.6703,31.87505],[104.66973,31.87542],[104.66541,31.87878],[104.66199,31.88212],[104.65938,31.88689],[104.65906,31.88883],[104.66036,31.88998],[104.66098,31.89157],[104.66026,31.89312],[104.6567,31.89458],[104.65164,31.89536],[104.64674,31.8976],[104.63998,31.90273],[104.63911,31.90319],[104.6383,31.90318],[104.63776,31.90284],[104.63502,31.89847],[104.63381,31.89686],[104.6293,31.89346],[104.62511,31.89126],[104.62086,31.89026],[104.61882,31.88901],[104.61611,31.88652],[104.61306,31.88454],[104.60072,31.88121],[104.59512,31.87845],[104.59396,31.87774],[104.59212,31.87546],[104.59086,31.87459],[104.58877,31.87373],[104.58676,31.87177],[104.58294,31.86953],[104.58094,31.86907],[104.57805,31.86883],[104.57564,31.86802],[104.57403,31.8667],[104.57236,31.86595],[104.57061,31.86589],[104.56618,31.86713],[104.56024,31.86668],[104.55869,31.86625],[104.55794,31.86465],[104.55819,31.86226],[104.55765,31.86151],[104.55371,31.85945],[104.55117,31.8547],[104.55304,31.85328],[104.55304,31.85264],[104.55281,31.85205],[104.55079,31.8499],[104.55041,31.84906],[104.55029,31.84792],[104.55049,31.8472],[104.55148,31.84646],[104.55585,31.84541],[104.55671,31.84558],[104.55783,31.84635],[104.55862,31.84662],[104.55937,31.84652],[104.56045,31.84614],[104.5614,31.84554],[104.56474,31.84449],[104.56679,31.84335],[104.5721,31.83968],[104.57245,31.83928],[104.57253,31.83884],[104.57215,31.83625],[104.57224,31.83499],[104.57309,31.8338],[104.57415,31.83187],[104.57434,31.83115],[104.57442,31.82962],[104.57517,31.8285],[104.57614,31.82797],[104.57802,31.82743],[104.58027,31.82747],[104.58128,31.82772],[104.58195,31.82769],[104.58277,31.82717],[104.58389,31.82598],[104.58495,31.82531],[104.59003,31.82407],[104.59108,31.82365],[104.59176,31.82284],[104.59193,31.82232],[104.59185,31.82118],[104.59134,31.81957],[104.59002,31.81681],[104.58965,31.81507],[104.5896,31.81387],[104.58997,31.81313],[104.5925,31.81096],[104.59304,31.80991],[104.59316,31.80878],[104.59175,31.80577],[104.59007,31.80452],[104.58924,31.80325],[104.58766,31.80211],[104.5867,31.80087],[104.58585,31.79172],[104.58442,31.78775],[104.58473,31.78577],[104.58575,31.78408],[104.58561,31.78309],[104.5848,31.78103],[104.58477,31.77992],[104.58526,31.77899],[104.58619,31.77814],[104.58753,31.77714],[104.59213,31.77436],[104.59308,31.7736],[104.59431,31.77298],[104.59653,31.77272],[104.59755,31.77239],[104.59855,31.77189],[104.59967,31.77108],[104.60216,31.76874],[104.60428,31.76555],[104.60455,31.76488]]]]}},{"type":"Feature","properties":{"adcode":"510727","name":"平武县","level":"district","center":[104.555481,32.409684],"site":"https://geojson.hxkj.vip"},"geometry":{"type":"MultiPolygon","coordinates":[[[[104.27706,32.8913],[104.27679,32.88954],[104.27758,32.88689],[104.27803,32.88602],[104.27888,32.88514],[104.28284,32.882],[104.28323,32.88114],[104.2833,32.87936],[104.2836,32.87797],[104.28453,32.87554],[104.28601,32.87322],[104.28812,32.87133],[104.2889,32.87034],[104.2894,32.86901],[104.28984,32.86607],[104.29021,32.86102],[104.29257,32.85082],[104.29251,32.84921],[104.29218,32.84756],[104.29213,32.84435],[104.2922,32.84402],[104.29434,32.84221],[104.29479,32.841],[104.29476,32.84023],[104.29377,32.83756],[104.29429,32.83576],[104.29606,32.83549],[104.29757,32.83562],[104.29815,32.83534],[104.29875,32.8343],[104.2991,32.83263],[104.30025,32.83091],[104.30227,32.83087],[104.30426,32.83128],[104.30674,32.83214],[104.30777,32.83229],[104.31072,32.83113],[104.31305,32.82964],[104.31587,32.82843],[104.31728,32.82806],[104.32041,32.82804],[104.32373,32.82762],[104.32642,32.8267],[104.32902,32.82515],[104.33016,32.8246],[104.33137,32.82429],[104.33274,32.82443],[104.33603,32.82533],[104.3402,32.82592],[104.34554,32.8247],[104.34967,32.82409],[104.35218,32.82392],[104.35838,32.82411],[104.35987,32.82397],[104.36156,32.82341],[104.36402,32.82226],[104.36529,32.82154],[104.36718,32.81703],[104.36796,32.81632],[104.37081,32.81436],[104.37134,32.8136],[104.37187,32.81147],[104.37189,32.81009],[104.37082,32.80696],[104.37107,32.80633],[104.37174,32.80597],[104.3748,32.80601],[104.37784,32.80576],[104.38085,32.80414],[104.38383,32.802],[104.38619,32.79971],[104.38716,32.79837],[104.38775,32.79789],[104.38936,32.7971],[104.3966,32.79446],[104.3992,32.79307],[104.39969,32.79186],[104.39969,32.78963],[104.40033,32.78875],[104.40377,32.78608],[104.40583,32.78505],[104.40771,32.78437],[104.42054,32.78099],[104.42168,32.78056],[104.42281,32.77985],[104.42518,32.77801],[104.42563,32.77714],[104.42596,32.77489],[104.42556,32.77341],[104.42498,32.77245],[104.42206,32.7688],[104.42197,32.76812],[104.42216,32.76765],[104.4237,32.76727],[104.42806,32.76767],[104.42961,32.76728],[104.43213,32.76618],[104.4346,32.76479],[104.43903,32.76364],[104.44064,32.76342],[104.44261,32.76343],[104.44443,32.76309],[104.44756,32.76174],[104.44894,32.76067],[104.45508,32.75436],[104.45609,32.7525],[104.45686,32.74967],[104.45764,32.74884],[104.45899,32.74852],[104.46643,32.74848],[104.47288,32.74898],[104.47624,32.75026],[104.47822,32.75066],[104.48464,32.75259],[104.48618,32.75358],[104.48928,32.75515],[104.49086,32.75568],[104.49433,32.75643],[104.49596,32.75661],[104.50881,32.7548],[104.51028,32.75447],[104.51122,32.75393],[104.5116,32.75346],[104.51204,32.75229],[104.51166,32.74945],[104.51279,32.74694],[104.51313,32.74544],[104.51449,32.7438],[104.51568,32.74284],[104.51662,32.74293],[104.51786,32.74335],[104.52064,32.74356],[104.52225,32.74322],[104.52242,32.74258],[104.52191,32.73985],[104.52202,32.73904],[104.52245,32.73765],[104.52295,32.73666],[104.52524,32.73287],[104.52669,32.72841],[104.52754,32.72747],[104.52845,32.72675],[104.52991,32.72574],[104.53117,32.72513],[104.53272,32.72485],[104.53482,32.72508],[104.53742,32.72575],[104.54243,32.72778],[104.55184,32.73295],[104.55519,32.73383],[104.55647,32.73361],[104.55933,32.73222],[104.57019,32.72927],[104.57173,32.72865],[104.57425,32.72732],[104.57579,32.72498],[104.57798,32.72383],[104.5828,32.7222],[104.58352,32.72155],[104.58401,32.72016],[104.5842,32.71809],[104.58497,32.7152],[104.58508,32.71274],[104.58439,32.71075],[104.5843,32.71007],[104.58453,32.70908],[104.58649,32.70536],[104.58796,32.70308],[104.59043,32.69831],[104.59334,32.69497],[104.59473,32.69395],[104.59633,32.69322],[104.60003,32.69232],[104.6029,32.69126],[104.60532,32.69068],[104.60915,32.68948],[104.61314,32.68737],[104.61511,32.68583],[104.61696,32.68464],[104.61964,32.68336],[104.62035,32.68265],[104.62239,32.67927],[104.62502,32.67679],[104.62823,32.67556],[104.62928,32.67485],[104.63159,32.67295],[104.63257,32.6719],[104.63294,32.6712],[104.63574,32.66848],[104.63399,32.66497],[104.63205,32.66044],[104.63113,32.65944],[104.62976,32.65741],[104.62892,32.65508],[104.6286,32.65382],[104.62857,32.6513],[104.62883,32.64929],[104.62949,32.64692],[104.62918,32.64412],[104.6287,32.64241],[104.62763,32.64124],[104.62458,32.63971],[104.62283,32.63821],[104.62131,32.63585],[104.61971,32.63296],[104.61773,32.62745],[104.61746,32.62391],[104.61778,32.62172],[104.61813,32.62057],[104.61889,32.61899],[104.62101,32.6159],[104.62161,32.61377],[104.62141,32.61217],[104.62087,32.61063],[104.61932,32.60889],[104.61757,32.60751],[104.61657,32.60633],[104.61634,32.60577],[104.61625,32.60502],[104.61687,32.60352],[104.61751,32.60252],[104.619,32.60088],[104.62086,32.59968],[104.623,32.59871],[104.62447,32.59827],[104.62648,32.59799],[104.63049,32.59794],[104.63265,32.59759],[104.63419,32.59721],[104.63545,32.59649],[104.63678,32.59548],[104.63762,32.59454],[104.63838,32.59297],[104.63921,32.59174],[104.64025,32.59069],[104.64199,32.58812],[104.6457,32.58418],[104.64714,32.58288],[104.65037,32.58045],[104.65116,32.57962],[104.6529,32.57562],[104.65487,32.57041],[104.65528,32.56868],[104.65547,32.56662],[104.65542,32.56386],[104.65598,32.56053],[104.65654,32.55959],[104.65806,32.55835],[104.66106,32.55701],[104.66645,32.55584],[104.66848,32.55573],[104.67006,32.55609],[104.67256,32.55757],[104.67643,32.55931],[104.6778,32.55973],[104.6789,32.55982],[104.68781,32.55861],[104.69234,32.55832],[104.6989,32.55568],[104.70037,32.5553],[104.70234,32.5553],[104.70358,32.5555],[104.70547,32.55534],[104.70755,32.55476],[104.70969,32.55396],[104.7156,32.55076],[104.71973,32.54876],[104.72164,32.5475],[104.72596,32.54526],[104.72774,32.54407],[104.73193,32.54195],[104.73577,32.53961],[104.73724,32.53894],[104.74594,32.53634],[104.7474,32.53544],[104.74962,32.53354],[104.75289,32.52932],[104.75466,32.5286],[104.755,32.52745],[104.75481,32.52645],[104.75356,32.52538],[104.75249,32.52324],[104.75305,32.52184],[104.75371,32.52121],[104.75394,32.51993],[104.75334,32.51691],[104.75175,32.51369],[104.75144,32.51274],[104.75167,32.51182],[104.75042,32.50961],[104.74998,32.50535],[104.75228,32.50178],[104.75478,32.50117],[104.75554,32.50047],[104.75749,32.4965],[104.75834,32.49528],[104.75975,32.49386],[104.75784,32.49221],[104.75606,32.48867],[104.75325,32.48657],[104.75148,32.48387],[104.7522,32.48274],[104.75282,32.48246],[104.75436,32.48102],[104.75446,32.48049],[104.75398,32.47955],[104.75306,32.47833],[104.75243,32.4782],[104.75243,32.47757],[104.75295,32.4772],[104.75298,32.47673],[104.75336,32.4758],[104.75388,32.47523],[104.75384,32.47376],[104.75245,32.46926],[104.75163,32.46751],[104.75111,32.46663],[104.75006,32.46601],[104.7491,32.46485],[104.75313,32.46168],[104.75366,32.46051],[104.75436,32.45982],[104.75531,32.45937],[104.75604,32.45878],[104.75581,32.4581],[104.75607,32.45641],[104.75589,32.45578],[104.75593,32.45512],[104.75796,32.45362],[104.75852,32.45256],[104.76041,32.4504],[104.7606,32.44755],[104.76175,32.44649],[104.7616,32.44599],[104.7608,32.44564],[104.75826,32.44351],[104.75711,32.44134],[104.75712,32.44069],[104.75737,32.44031],[104.75919,32.43963],[104.76029,32.43891],[104.76029,32.43834],[104.75598,32.43636],[104.75531,32.43576],[104.75513,32.43508],[104.75734,32.4357],[104.75801,32.43571],[104.7582,32.4347],[104.75861,32.43371],[104.75852,32.43275],[104.75764,32.43149],[104.75758,32.43096],[104.75808,32.43087],[104.7586,32.43135],[104.76186,32.43202],[104.76246,32.43199],[104.76283,32.43174],[104.7631,32.4313],[104.76415,32.42714],[104.76522,32.42533],[104.76713,32.42413],[104.76746,32.42372],[104.76845,32.42306],[104.77261,32.42075],[104.77358,32.41975],[104.7744,32.41836],[104.77542,32.41494],[104.77544,32.41363],[104.77505,32.411],[104.77353,32.40519],[104.7735,32.40256],[104.77364,32.40118],[104.77483,32.39708],[104.77616,32.39509],[104.77714,32.39409],[104.77804,32.39356],[104.77937,32.39245],[104.78072,32.39191],[104.78305,32.39189],[104.78393,32.3917],[104.78411,32.3915],[104.78397,32.3906],[104.78409,32.38954],[104.78568,32.3867],[104.78609,32.38622],[104.78676,32.38591],[104.78768,32.38575],[104.78813,32.38547],[104.78896,32.38406],[104.7899,32.38324],[104.79271,32.38238],[104.80278,32.37514],[104.80582,32.37344],[104.80761,32.3727],[104.80934,32.37225],[104.81136,32.37207],[104.81548,32.37217],[104.81725,32.37252],[104.81873,32.37247],[104.82034,32.37208],[104.82166,32.37135],[104.8225,32.3704],[104.82293,32.36953],[104.82347,32.36613],[104.82383,32.3652],[104.82433,32.36422],[104.82588,32.36245],[104.82881,32.36],[104.82985,32.35888],[104.83117,32.35804],[104.83751,32.35589],[104.83906,32.35318],[104.8407,32.35116],[104.84174,32.35116],[104.84385,32.35216],[104.84658,32.35391],[104.85047,32.35509],[104.85624,32.35731],[104.85808,32.35772],[104.86174,32.35812],[104.86827,32.35763],[104.88323,32.35539],[104.88605,32.35473],[104.88749,32.35366],[104.88975,32.35124],[104.89073,32.34886],[104.89314,32.34523],[104.89626,32.34204],[104.90179,32.33534],[104.9059,32.33189],[104.90738,32.33013],[104.90849,32.32907],[104.90976,32.32737],[104.91095,32.32647],[104.91175,32.32616],[104.91506,32.32618],[104.9221,32.32792],[104.92422,32.32821],[104.92775,32.32839],[104.93074,32.32882],[104.93177,32.32919],[104.93494,32.33203],[104.93784,32.33337],[104.94042,32.33364],[104.94765,32.3331],[104.94974,32.33281],[104.95639,32.33142],[104.95793,32.33169],[104.96202,32.3316],[104.96387,32.33179],[104.96445,32.33281],[104.96987,32.33329],[104.97091,32.3331],[104.97176,32.33335],[104.97353,32.33452],[104.97468,32.33456],[104.97565,32.33365],[104.97642,32.33243],[104.97725,32.33177],[104.97898,32.33086],[104.9802,32.33043],[104.9802,32.32883],[104.98176,32.32752],[104.98225,32.32662],[104.98225,32.32495],[104.98169,32.32493],[104.98099,32.32449],[104.98059,32.32333],[104.9804,32.32317],[104.97958,32.323],[104.97876,32.32307],[104.97535,32.32382],[104.97386,32.32443],[104.97128,32.32424],[104.97025,32.32381],[104.96913,32.32366],[104.96728,32.32304],[104.96684,32.32273],[104.96719,32.32108],[104.96684,32.32058],[104.96604,32.31768],[104.96483,32.31496],[104.96285,32.31158],[104.96209,32.30942],[104.96205,32.3069],[104.96226,32.3054],[104.96393,32.29854],[104.96449,32.29737],[104.9656,32.29631],[104.96903,32.29416],[104.97254,32.29377],[104.9765,32.29303],[104.97869,32.29188],[104.98,32.29058],[104.98122,32.28863],[104.98207,32.28537],[104.98272,32.28505],[104.98465,32.28471],[104.98657,32.28322],[104.98767,32.28006],[104.9879,32.27877],[104.99263,32.27513],[104.99543,32.27263],[104.99641,32.27152],[104.99686,32.27138],[104.99804,32.27214],[104.9998,32.2712],[104.99952,32.26914],[105.00002,32.26727],[105.00002,32.2664],[104.99944,32.26564],[104.99863,32.26388],[104.99759,32.26042],[104.99462,32.25566],[104.99448,32.25509],[104.99493,32.25397],[104.99529,32.24757],[104.9893,32.24689],[104.98607,32.24618],[104.98527,32.24551],[104.98431,32.24513],[104.98304,32.24524],[104.98144,32.24512],[104.97917,32.24565],[104.97772,32.24532],[104.97537,32.24548],[104.97247,32.2453],[104.97063,32.2446],[104.96843,32.24565],[104.96702,32.24558],[104.96393,32.24424],[104.96048,32.24304],[104.95812,32.2419],[104.95673,32.24103],[104.95545,32.23946],[104.95522,32.23889],[104.95523,32.2374],[104.95538,32.23608],[104.95581,32.23503],[104.95591,32.23285],[104.9549,32.23128],[104.95194,32.2301],[104.94949,32.22953],[104.9473,32.22987],[104.94514,32.22783],[104.94169,32.22626],[104.94019,32.22585],[104.93965,32.22553],[104.93884,32.22375],[104.93782,32.22248],[104.93714,32.22203],[104.93656,32.22121],[104.93549,32.22136],[104.93348,32.22091],[104.93204,32.22091],[104.93204,32.22072],[104.93259,32.22053],[104.93312,32.21981],[104.93322,32.21954],[104.93303,32.21812],[104.93425,32.21628],[104.9348,32.21379],[104.93476,32.21204],[104.93449,32.21131],[104.93462,32.2102],[104.93262,32.20532],[104.93188,32.20391],[104.93164,32.20288],[104.93024,32.20006],[104.92991,32.19846],[104.92991,32.19737],[104.93061,32.19461],[104.93036,32.19346],[104.92967,32.19142],[104.92916,32.19052],[104.92717,32.18828],[104.9269,32.1852],[104.92726,32.18398],[104.92843,32.18275],[104.92999,32.18156],[104.93255,32.17873],[104.93414,32.1752],[104.93466,32.17483],[104.93573,32.17471],[104.93894,32.17491],[104.93943,32.17403],[104.93948,32.173],[104.93732,32.16936],[104.93772,32.16448],[104.93746,32.16311],[104.93591,32.16001],[104.93447,32.15798],[104.93366,32.15773],[104.9281,32.15743],[104.92674,32.15712],[104.92473,32.15592],[104.9228,32.15512],[104.92203,32.15461],[104.91941,32.15166],[104.91803,32.14929],[104.91638,32.14687],[104.91459,32.14452],[104.9136,32.14352],[104.91121,32.14153],[104.90956,32.14048],[104.90538,32.13734],[104.90441,32.13686],[104.90212,32.13521],[104.90162,32.13465],[104.90138,32.13385],[104.90135,32.13145],[104.90116,32.13019],[104.90079,32.12917],[104.89916,32.12601],[104.89845,32.12495],[104.89753,32.12405],[104.89689,32.1231],[104.89658,32.12231],[104.89633,32.12111],[104.8964,32.11956],[104.8969,32.11685],[104.89684,32.11565],[104.89654,32.1148],[104.89468,32.11211],[104.89336,32.11129],[104.88806,32.10876],[104.88479,32.10483],[104.88442,32.10272],[104.88229,32.10211],[104.88166,32.10073],[104.88127,32.09843],[104.88171,32.0979],[104.88243,32.09713],[104.88407,32.09687],[104.88511,32.09651],[104.88662,32.09516],[104.88771,32.0937],[104.88887,32.09062],[104.88926,32.08895],[104.88922,32.08482],[104.88971,32.08349],[104.89334,32.07674],[104.89511,32.07039],[104.89517,32.06855],[104.89417,32.06507],[104.89235,32.06245],[104.89188,32.06097],[104.89193,32.06018],[104.89235,32.05988],[104.89248,32.05913],[104.89214,32.05786],[104.89173,32.05732],[104.89082,32.05664],[104.88936,32.05648],[104.88738,32.05578],[104.88556,32.0555],[104.88543,32.05474],[104.88599,32.0533],[104.88595,32.05289],[104.88565,32.05258],[104.88309,32.05208],[104.88273,32.05183],[104.88266,32.05158],[104.88376,32.05049],[104.88392,32.04988],[104.88392,32.04929],[104.88349,32.04865],[104.88084,32.04718],[104.87848,32.04643],[104.87709,32.0458],[104.87637,32.04572],[104.87527,32.04529],[104.87319,32.04503],[104.87148,32.0441],[104.8704,32.04399],[104.86973,32.04411],[104.86864,32.04481],[104.86626,32.04485],[104.86388,32.04513],[104.86143,32.045],[104.86004,32.04448],[104.8599,32.04454],[104.8592,32.04661],[104.85577,32.0469],[104.85356,32.04624],[104.85162,32.04474],[104.85014,32.04407],[104.84865,32.04236],[104.84842,32.04185],[104.84852,32.04133],[104.84944,32.04009],[104.84875,32.03882],[104.84886,32.03781],[104.84948,32.0365],[104.84896,32.03585],[104.84721,32.03564],[104.84688,32.03542],[104.84657,32.03502],[104.84646,32.03416],[104.8462,32.0337],[104.84452,32.03284],[104.84269,32.03065],[104.84245,32.02989],[104.84278,32.0289],[104.8428,32.02771],[104.84264,32.02743],[104.8424,32.02461],[104.8424,32.0227],[104.84148,32.02279],[104.83863,32.02205],[104.8376,32.02034],[104.83752,32.01935],[104.83722,32.01847],[104.83687,32.01763],[104.83657,32.01732],[104.83602,32.01591],[104.83519,32.01552],[104.83311,32.01558],[104.83345,32.01446],[104.83326,32.01359],[104.8326,32.01269],[104.83223,32.01121],[104.83121,32.00923],[104.82885,32.00972],[104.82811,32.00932],[104.82643,32.00923],[104.82554,32.00879],[104.82475,32.00762],[104.82462,32.00507],[104.82429,32.00451],[104.82424,32.00203],[104.82331,32.00126],[104.82126,32.00012],[104.81891,32.00001],[104.81808,32.00072],[104.81511,32.00498],[104.81385,32.00636],[104.81317,32.00694],[104.81178,32.00755],[104.81122,32.00763],[104.81034,32.00695],[104.80888,32.00522],[104.80593,32.00293],[104.80356,31.99997],[104.80266,31.99925],[104.80099,31.9988],[104.80064,31.99851],[104.80043,31.99787],[104.79854,31.99683],[104.79717,31.99558],[104.79548,31.99439],[104.79433,31.99401],[104.79265,31.99421],[104.79018,31.99497],[104.78954,31.99556],[104.78943,31.99691],[104.79034,31.99851],[104.78948,31.99997],[104.78767,32.00641],[104.7876,32.00855],[104.78839,32.01093],[104.79054,32.01529],[104.79233,32.01651],[104.79244,32.01674],[104.79108,32.01743],[104.79042,32.01963],[104.78893,32.02079],[104.78774,32.02087],[104.78611,32.02055],[104.78174,32.01761],[104.7795,32.01743],[104.77797,32.01795],[104.77623,32.01817],[104.77186,32.01779],[104.76952,32.01449],[104.7662,32.01137],[104.7608,32.00942],[104.75927,32.00782],[104.75458,32.00579],[104.75224,32.00522],[104.75109,32.00472],[104.75007,32.00404],[104.74945,32.00354],[104.74753,32.00133],[104.74593,31.99882],[104.74507,31.9979],[104.74306,31.99709],[104.7411,31.99661],[104.73599,31.9935],[104.73406,31.99306],[104.73234,31.9933],[104.73053,31.99327],[104.73005,31.99312],[104.7292,31.99237],[104.72791,31.99172],[104.72435,31.99123],[104.72315,31.99203],[104.72203,31.99312],[104.71957,31.99643],[104.71496,32.00028],[104.71413,32.00162],[104.7134,32.0037],[104.71446,32.00654],[104.71426,32.00826],[104.71376,32.00925],[104.71313,32.01024],[104.70888,32.01374],[104.70691,32.01511],[104.70571,32.01537],[104.70482,32.01505],[104.69976,32.01186],[104.69825,32.01127],[104.69683,32.01091],[104.6931,32.01038],[104.68893,32.009],[104.6824,32.00602],[104.67574,32.00333],[104.67432,32.00331],[104.67246,32.00404],[104.66851,32.00666],[104.6638,32.01206],[104.66151,32.01407],[104.65941,32.01539],[104.65776,32.01623],[104.65602,32.01685],[104.65294,32.01722],[104.65113,32.01761],[104.64866,32.01825],[104.6462,32.01911],[104.64455,32.02001],[104.6433,32.02114],[104.64199,32.02381],[104.64134,32.02629],[104.64114,32.03323],[104.64152,32.0358],[104.64222,32.03847],[104.64341,32.04102],[104.64379,32.04232],[104.64452,32.04374],[104.64477,32.04493],[104.64426,32.04558],[104.64305,32.04578],[104.63668,32.04509],[104.63081,32.04507],[104.62914,32.04546],[104.62721,32.04615],[104.62556,32.04705],[104.6239,32.04772],[104.62223,32.04817],[104.62035,32.04833],[104.6137,32.0472],[104.61195,32.04718],[104.60565,32.04816],[104.60045,32.04962],[104.59747,32.05102],[104.59428,32.05208],[104.59171,32.05365],[104.59058,32.05385],[104.58734,32.05365],[104.58584,32.05335],[104.58249,32.05201],[104.58127,32.05181],[104.57943,32.05268],[104.57541,32.05525],[104.57198,32.05666],[104.56436,32.05803],[104.56173,32.05816],[104.55851,32.05797],[104.55743,32.05806],[104.55537,32.05858],[104.55472,32.05917],[104.55391,32.06069],[104.55215,32.06245],[104.55092,32.06323],[104.54852,32.06411],[104.54747,32.06466],[104.54557,32.0662],[104.54129,32.07022],[104.53906,32.07172],[104.53562,32.07463],[104.5331,32.07573],[104.5319,32.07594],[104.53015,32.07593],[104.52751,32.07527],[104.5263,32.07513],[104.52342,32.0754],[104.52196,32.07595],[104.52085,32.07661],[104.51548,32.08055],[104.51425,32.08156],[104.51095,32.08516],[104.50984,32.08588],[104.50856,32.08592],[104.5059,32.08468],[104.50487,32.08402],[104.50384,32.08371],[104.50266,32.08415],[104.49775,32.08773],[104.49512,32.08907],[104.49277,32.09097],[104.49083,32.09298],[104.48862,32.09654],[104.48694,32.09854],[104.48584,32.09954],[104.48446,32.10033],[104.47653,32.10377],[104.47529,32.10478],[104.47399,32.1062],[104.47259,32.10819],[104.47096,32.10972],[104.46957,32.11017],[104.46789,32.11033],[104.46607,32.1101],[104.46404,32.10952],[104.46287,32.10887],[104.4611,32.10652],[104.46085,32.10515],[104.46135,32.1025],[104.4619,32.10088],[104.46284,32.09707],[104.463,32.09592],[104.46282,32.09472],[104.46283,32.09329],[104.46299,32.09214],[104.46405,32.08815],[104.46424,32.08609],[104.46348,32.08548],[104.46212,32.08506],[104.46016,32.08471],[104.45788,32.08455],[104.4554,32.08491],[104.45339,32.08496],[104.45143,32.08474],[104.4502,32.08414],[104.44874,32.08304],[104.44743,32.08181],[104.44636,32.08029],[104.4439,32.07738],[104.44119,32.07311],[104.43993,32.07189],[104.43654,32.06728],[104.43324,32.06164],[104.43148,32.05768],[104.43076,32.05673],[104.42968,32.05618],[104.42472,32.055],[104.42118,32.05372],[104.41711,32.05314],[104.4149,32.05337],[104.4135,32.05387],[104.4107,32.05618],[104.40849,32.05847],[104.4074,32.05999],[104.40608,32.06254],[104.40477,32.06721],[104.40418,32.06781],[104.40013,32.06923],[104.3986,32.06996],[104.39027,32.07246],[104.38642,32.07393],[104.38317,32.07533],[104.38158,32.07651],[104.38054,32.07751],[104.37996,32.07833],[104.37912,32.08098],[104.37883,32.08242],[104.37874,32.0838],[104.37922,32.08579],[104.37933,32.08693],[104.37906,32.08889],[104.37842,32.08977],[104.37704,32.09078],[104.3742,32.09251],[104.36902,32.09487],[104.36723,32.09555],[104.36075,32.09736],[104.35683,32.09906],[104.34123,32.10482],[104.33554,32.10598],[104.33206,32.10698],[104.32867,32.10838],[104.32377,32.11107],[104.32246,32.11219],[104.31887,32.11588],[104.31539,32.11854],[104.31435,32.11971],[104.31332,32.12105],[104.31199,32.12338],[104.31197,32.1247],[104.30989,32.12887],[104.30814,32.13126],[104.30222,32.13759],[104.30076,32.14008],[104.2982,32.14376],[104.29713,32.1443],[104.29646,32.14437],[104.29102,32.14341],[104.28933,32.14334],[104.28321,32.14394],[104.27997,32.1439],[104.2778,32.14349],[104.27419,32.14232],[104.27283,32.14224],[104.27081,32.14246],[104.2678,32.1431],[104.26601,32.14367],[104.26415,32.14474],[104.2635,32.14544],[104.26298,32.14626],[104.26314,32.14683],[104.26305,32.14769],[104.26204,32.14972],[104.26007,32.15148],[104.252,32.15581],[104.24577,32.15883],[104.24419,32.15996],[104.24314,32.16102],[104.24239,32.16253],[104.2421,32.16373],[104.24235,32.16527],[104.24499,32.17156],[104.2451,32.17288],[104.24484,32.18068],[104.24571,32.18433],[104.2466,32.18677],[104.24769,32.19299],[104.24835,32.19457],[104.24926,32.19552],[104.25031,32.1963],[104.25345,32.19955],[104.25494,32.20163],[104.25551,32.2027],[104.25705,32.20639],[104.25796,32.20911],[104.25793,32.21198],[104.25748,32.21474],[104.25588,32.21914],[104.25454,32.2253],[104.25173,32.23184],[104.25047,32.23635],[104.24987,32.24209],[104.24899,32.24589],[104.24749,32.24942],[104.2462,32.25106],[104.24502,32.25224],[104.2433,32.25302],[104.23855,32.25606],[104.23722,32.25673],[104.22988,32.26276],[104.2253,32.26511],[104.22393,32.26623],[104.22204,32.26823],[104.22027,32.27143],[104.21917,32.27277],[104.21699,32.27415],[104.21535,32.27573],[104.2122,32.28166],[104.20942,32.28505],[104.2093,32.28563],[104.21011,32.28767],[104.21188,32.29009],[104.2141,32.29404],[104.2142,32.29501],[104.21372,32.29675],[104.21287,32.29763],[104.21142,32.29841],[104.20881,32.29916],[104.19622,32.30156],[104.19056,32.30314],[104.1891,32.30392],[104.18642,32.30594],[104.18533,32.3078],[104.18461,32.30856],[104.18348,32.30893],[104.18207,32.30891],[104.18063,32.30838],[104.17946,32.30761],[104.17657,32.30396],[104.17372,32.30134],[104.17158,32.29968],[104.17067,32.29672],[104.17105,32.29379],[104.17154,32.29246],[104.17306,32.28967],[104.17363,32.28828],[104.17364,32.28679],[104.17325,32.28514],[104.1671,32.27625],[104.16685,32.27522],[104.16651,32.27094],[104.16579,32.2694],[104.16447,32.26423],[104.16313,32.26243],[104.16208,32.26137],[104.16145,32.26092],[104.16022,32.26038],[104.15988,32.25999],[104.15979,32.25942],[104.15999,32.25724],[104.16232,32.25047],[104.16196,32.24957],[104.16083,32.24833],[104.15786,32.24601],[104.15608,32.24508],[104.14873,32.24292],[104.14376,32.24115],[104.13951,32.23891],[104.13812,32.23774],[104.13579,32.23465],[104.13453,32.23113],[104.13308,32.22789],[104.13321,32.22531],[104.13244,32.22389],[104.13145,32.22303],[104.131,32.22303],[104.12908,32.2259],[104.12729,32.22689],[104.11827,32.22721],[104.10955,32.23052],[104.10324,32.23251],[104.09851,32.23248],[104.09526,32.23368],[104.08776,32.23249],[104.08597,32.23324],[104.08001,32.23731],[104.0784,32.23729],[104.07588,32.23754],[104.07484,32.23857],[104.07394,32.23979],[104.07336,32.24095],[104.07094,32.24754],[104.07009,32.24836],[104.06883,32.2489],[104.0666,32.24923],[104.05931,32.24905],[104.05127,32.24939],[104.04931,32.24921],[104.04753,32.24878],[104.04461,32.24839],[104.03973,32.2482],[104.03346,32.24873],[104.03139,32.24934],[104.02872,32.25071],[104.02747,32.25177],[104.02612,32.25392],[104.02555,32.25507],[104.0243,32.26031],[104.02367,32.26199],[104.02277,32.26521],[104.02141,32.26725],[104.02068,32.26795],[104.01935,32.2686],[104.015,32.27],[104.0136,32.27072],[104.00941,32.27298],[104.00755,32.27439],[104.00627,32.2766],[104.0059,32.27758],[104.00565,32.27856],[104.00548,32.28148],[104.00514,32.28332],[104.00116,32.28821],[103.99847,32.29073],[103.99681,32.29202],[103.99515,32.29297],[103.99062,32.29507],[103.98922,32.29607],[103.98712,32.29811],[103.98531,32.30067],[103.98404,32.30333],[103.98267,32.30507],[103.98181,32.30561],[103.981,32.30579],[103.97945,32.30582],[103.97558,32.30556],[103.97312,32.30503],[103.9679,32.30456],[103.96012,32.3046],[103.95864,32.30498],[103.95559,32.30704],[103.95014,32.30767],[103.94416,32.30922],[103.94256,32.30994],[103.93497,32.3156],[103.93195,32.31652],[103.9283,32.3166],[103.92308,32.31585],[103.92124,32.31543],[103.92024,32.31568],[103.91915,32.31754],[103.91592,32.3266],[103.91528,32.32793],[103.91385,32.32991],[103.91162,32.33185],[103.90893,32.3346],[103.90712,32.33693],[103.90521,32.33858],[103.90422,32.33923],[103.90328,32.33959],[103.8992,32.34072],[103.898,32.34126],[103.89808,32.34165],[103.89905,32.34233],[103.90322,32.34424],[103.90416,32.34605],[103.90445,32.34707],[103.90428,32.34788],[103.90313,32.3498],[103.90099,32.35116],[103.90004,32.35353],[103.89887,32.3553],[103.89569,32.35907],[103.89426,32.36059],[103.89218,32.36041],[103.89098,32.36101],[103.88969,32.36281],[103.88921,32.36483],[103.88938,32.36586],[103.89089,32.36897],[103.89172,32.3717],[103.8919,32.37308],[103.89177,32.37537],[103.89188,32.37691],[103.89167,32.37915],[103.89191,32.38035],[103.89287,32.38291],[103.89424,32.38575],[103.89456,32.38711],[103.89732,32.39135],[103.90114,32.39487],[103.90164,32.39583],[103.90202,32.39703],[103.90219,32.39828],[103.90177,32.40225],[103.90178,32.4046],[103.90289,32.40801],[103.9036,32.41103],[103.90615,32.41699],[103.90619,32.41842],[103.90596,32.41963],[103.90514,32.4216],[103.9055,32.42227],[103.9075,32.42361],[103.91008,32.42613],[103.91087,32.42754],[103.91131,32.42874],[103.91454,32.43268],[103.91506,32.43433],[103.91501,32.43697],[103.91407,32.43939],[103.91253,32.44218],[103.91115,32.44547],[103.91038,32.44686],[103.90957,32.44923],[103.90854,32.45504],[103.90817,32.45809],[103.90811,32.46061],[103.90853,32.46341],[103.90829,32.46444],[103.90752,32.46578],[103.90647,32.46695],[103.90541,32.46783],[103.90485,32.4691],[103.90442,32.47071],[103.90463,32.47312],[103.90699,32.47937],[103.90703,32.48051],[103.90677,32.48304],[103.90635,32.48506],[103.90542,32.48743],[103.90357,32.49085],[103.90277,32.49356],[103.90269,32.49568],[103.90377,32.49984],[103.90457,32.50159],[103.90599,32.50392],[103.90715,32.5063],[103.90753,32.50749],[103.90756,32.50881],[103.90739,32.50962],[103.90694,32.51048],[103.90556,32.51183],[103.9,32.51585],[103.89909,32.51685],[103.89564,32.51933],[103.89354,32.52121],[103.88788,32.52827],[103.88561,32.53147],[103.8845,32.53282],[103.88227,32.53493],[103.88012,32.53767],[103.87876,32.53976],[103.8756,32.54677],[103.87489,32.54781],[103.87221,32.55298],[103.87163,32.55379],[103.8709,32.55444],[103.86697,32.55607],[103.86477,32.55722],[103.86344,32.55805],[103.86114,32.56005],[103.85799,32.56339],[103.85527,32.567],[103.85318,32.56934],[103.85201,32.57098],[103.84757,32.57819],[103.84655,32.5801],[103.84491,32.58409],[103.84518,32.5885],[103.84566,32.59061],[103.84835,32.59719],[103.8487,32.59982],[103.84941,32.60324],[103.85116,32.60962],[103.85254,32.61291],[103.8531,32.61364],[103.85508,32.61457],[103.85685,32.6147],[103.859,32.61442],[103.86111,32.61455],[103.86471,32.61544],[103.868,32.61686],[103.86991,32.61744],[103.8717,32.61854],[103.87541,32.62013],[103.87754,32.62133],[103.88081,32.62436],[103.88664,32.62921],[103.8882,32.63152],[103.88864,32.63272],[103.88881,32.63352],[103.88877,32.63484],[103.88926,32.63741],[103.88991,32.63871],[103.89039,32.63898],[103.89387,32.63988],[103.89563,32.6399],[103.89835,32.64024],[103.9004,32.64077],[103.90285,32.641],[103.90489,32.64158],[103.90659,32.64184],[103.90951,32.64189],[103.91246,32.64079],[103.91626,32.63876],[103.92087,32.63666],[103.9224,32.63577],[103.92443,32.63555],[103.92579,32.63575],[103.92902,32.63683],[103.93057,32.63697],[103.93824,32.6387],[103.94908,32.64055],[103.95035,32.63989],[103.9523,32.63916],[103.95727,32.63958],[103.95987,32.64027],[103.96262,32.64142],[103.96953,32.64524],[103.97129,32.6452],[103.98194,32.64626],[103.98439,32.64678],[103.98673,32.64754],[103.99116,32.64796],[103.99326,32.64775],[103.99563,32.64725],[104.00109,32.64588],[104.00331,32.64515],[104.00478,32.64432],[104.00584,32.64327],[104.00802,32.64157],[104.00956,32.64102],[104.01113,32.64082],[104.01413,32.64121],[104.01721,32.64213],[104.02073,32.64343],[104.02233,32.64449],[104.02412,32.64543],[104.02556,32.64598],[104.03264,32.6503],[104.0345,32.65118],[104.03567,32.65156],[104.03675,32.65154],[104.0381,32.65128],[104.03958,32.65062],[104.04091,32.6498],[104.04367,32.64681],[104.04641,32.64332],[104.05235,32.64027],[104.05909,32.63658],[104.06035,32.63575],[104.06213,32.63428],[104.06272,32.63352],[104.06589,32.63105],[104.06701,32.62976],[104.06797,32.62813],[104.0684,32.62664],[104.07089,32.62194],[104.07121,32.61918],[104.07095,32.61753],[104.06895,32.6123],[104.06854,32.61041],[104.06834,32.60841],[104.0684,32.60577],[104.06889,32.60227],[104.06986,32.60104],[104.07146,32.5998],[104.0723,32.59875],[104.07268,32.59777],[104.07297,32.59427],[104.07333,32.59277],[104.07348,32.59128],[104.07406,32.59018],[104.07453,32.58839],[104.08072,32.5765],[104.08134,32.57477],[104.08318,32.57095],[104.08537,32.56746],[104.08921,32.56256],[104.09307,32.5584],[104.10133,32.55224],[104.10718,32.54713],[104.11214,32.54391],[104.11365,32.54255],[104.11502,32.54103],[104.11693,32.53938],[104.12432,32.53381],[104.12637,32.53284],[104.12934,32.53042],[104.13071,32.52901],[104.13206,32.5272],[104.13352,32.52413],[104.13424,32.5213],[104.13505,32.51928],[104.13532,32.51732],[104.1353,32.51463],[104.13576,32.51232],[104.13579,32.51123],[104.13455,32.50916],[104.1338,32.50847],[104.13368,32.5064],[104.13324,32.50527],[104.13361,32.50451],[104.13483,32.50322],[104.13555,32.50284],[104.13614,32.50284],[104.13675,32.50365],[104.13703,32.50365],[104.13747,32.50342],[104.13748,32.5029],[104.13633,32.50114],[104.13464,32.49988],[104.13213,32.4988],[104.13139,32.49768],[104.13104,32.4968],[104.13105,32.49612],[104.13181,32.4951],[104.13183,32.49297],[104.13229,32.4921],[104.1317,32.4911],[104.13129,32.49082],[104.12823,32.48982],[104.12582,32.48806],[104.12359,32.48812],[104.12322,32.48792],[104.12296,32.4866],[104.11912,32.48513],[104.11882,32.48489],[104.11906,32.48345],[104.1185,32.47961],[104.11721,32.47766],[104.11212,32.47606],[104.10304,32.47115],[104.09514,32.46768],[104.09515,32.46755],[104.09573,32.46725],[104.09871,32.46737],[104.09956,32.46718],[104.10843,32.46823],[104.11024,32.4677],[104.11899,32.4693],[104.12413,32.46963],[104.13411,32.47082],[104.1366,32.47099],[104.14232,32.47227],[104.14446,32.47376],[104.14666,32.47669],[104.14717,32.47782],[104.14727,32.47891],[104.14708,32.48138],[104.14713,32.48287],[104.14663,32.48615],[104.147,32.489],[104.14731,32.49014],[104.14797,32.4915],[104.14868,32.49274],[104.15395,32.49914],[104.15553,32.50168],[104.15772,32.50472],[104.15987,32.50845],[104.16045,32.50976],[104.1622,32.51093],[104.16417,32.51125],[104.16501,32.51156],[104.16514,32.51225],[104.16318,32.51558],[104.1628,32.51783],[104.16289,32.51826],[104.16228,32.52133],[104.16303,32.52327],[104.16635,32.52568],[104.16705,32.52787],[104.16846,32.52897],[104.16999,32.52974],[104.17265,32.52983],[104.17398,32.53022],[104.17434,32.53048],[104.17478,32.53136],[104.17333,32.53514],[104.1726,32.53763],[104.17184,32.54109],[104.17147,32.54402],[104.17111,32.54941],[104.17081,32.55069],[104.17068,32.55252],[104.17016,32.55523],[104.1698,32.55833],[104.16984,32.56372],[104.16969,32.56716],[104.16903,32.57567],[104.16867,32.57739],[104.16848,32.5794],[104.16852,32.58072],[104.1689,32.5818],[104.17076,32.58501],[104.17234,32.58973],[104.17262,32.59196],[104.17207,32.59576],[104.17239,32.59724],[104.17438,32.60206],[104.17637,32.60487],[104.17766,32.60707],[104.1782,32.60918],[104.17823,32.60998],[104.17767,32.61321],[104.17818,32.61864],[104.1781,32.62202],[104.17752,32.62708],[104.17769,32.62817],[104.17835,32.62953],[104.17885,32.63014],[104.17972,32.63207],[104.17981,32.63287],[104.17894,32.63719],[104.17885,32.6384],[104.18022,32.64507],[104.17968,32.64903],[104.18069,32.65698],[104.18161,32.65987],[104.18219,32.66101],[104.18275,32.66346],[104.18274,32.6653],[104.18229,32.66806],[104.1813,32.67066],[104.18015,32.67258],[104.17794,32.67539],[104.17725,32.67695],[104.17681,32.67811],[104.1764,32.68179],[104.17597,32.68324],[104.1754,32.68411],[104.1737,32.6861],[104.17145,32.68753],[104.16964,32.68804],[104.16635,32.68859],[104.16502,32.68937],[104.16318,32.69102],[104.16248,32.69212],[104.1568,32.70254],[104.15638,32.70392],[104.15634,32.7049],[104.15649,32.70724],[104.15682,32.70901],[104.15646,32.71039],[104.15589,32.7115],[104.15483,32.71216],[104.15175,32.71326],[104.14977,32.71475],[104.14859,32.71576],[104.14723,32.71791],[104.14548,32.71985],[104.14463,32.72061],[104.14072,32.72323],[104.13861,32.72518],[104.13698,32.72705],[104.13579,32.72805],[104.13474,32.72877],[104.1336,32.7292],[104.13232,32.72946],[104.13012,32.73032],[104.13284,32.73277],[104.13344,32.73419],[104.13397,32.73613],[104.13407,32.73698],[104.13376,32.73986],[104.13385,32.74083],[104.13344,32.74291],[104.13368,32.74365],[104.13508,32.74498],[104.13735,32.74648],[104.14049,32.74915],[104.14233,32.75145],[104.14398,32.75405],[104.1465,32.75656],[104.14701,32.75758],[104.14736,32.75986],[104.14715,32.76176],[104.14674,32.76355],[104.1463,32.76482],[104.14578,32.76546],[104.14322,32.76771],[104.14159,32.7697],[104.14134,32.77045],[104.14115,32.77275],[104.14231,32.77673],[104.14212,32.77725],[104.1418,32.77766],[104.14119,32.77791],[104.14017,32.77781],[104.13894,32.77756],[104.136,32.77655],[104.13477,32.77646],[104.13363,32.77661],[104.13262,32.7772],[104.13171,32.77815],[104.1291,32.78291],[104.12734,32.78702],[104.12518,32.79143],[104.12364,32.79416],[104.12228,32.7981],[104.12132,32.79989],[104.12066,32.80026],[104.11965,32.80045],[104.11842,32.80031],[104.11575,32.79968],[104.1127,32.79964],[104.11128,32.7998],[104.10986,32.80005],[104.10832,32.80061],[104.10733,32.80132],[104.10641,32.80226],[104.10586,32.8041],[104.10565,32.80991],[104.10548,32.81099],[104.10524,32.81197],[104.10302,32.8165],[104.10259,32.81823],[104.10259,32.82024],[104.1029,32.82086],[104.10409,32.82238],[104.10461,32.82357],[104.10504,32.82619],[104.1051,32.82814],[104.10484,32.83067],[104.10478,32.83681],[104.10453,32.83968],[104.10376,32.8432],[104.10283,32.84563],[104.10193,32.84731],[104.101,32.84819],[104.09802,32.85009],[104.09359,32.85191],[104.09143,32.85254],[104.08832,32.85284],[104.08657,32.85333],[104.08328,32.85478],[104.08183,32.85585],[104.08063,32.8565],[104.07928,32.85699],[104.07724,32.85692],[104.07593,32.85627],[104.07465,32.8548],[104.07156,32.84983],[104.07032,32.84704],[104.0689,32.84524],[104.06453,32.84241],[104.06005,32.84067],[104.05606,32.83938],[104.05373,32.8388],[104.05271,32.83888],[104.05102,32.83954],[104.04995,32.83973],[104.04845,32.83965],[104.0463,32.83867],[104.04362,32.8378],[104.04212,32.83749],[104.04045,32.83678],[104.03661,32.83399],[104.0355,32.83304],[104.03485,32.83219],[104.03413,32.83071],[104.03309,32.82586],[104.03337,32.8219],[104.033,32.82088],[104.03244,32.82037],[104.02786,32.82127],[104.02647,32.82135],[104.02455,32.82093],[104.01981,32.81959],[104.01752,32.81843],[104.0158,32.81778],[104.01162,32.81694],[104.00778,32.81581],[104.00617,32.81481],[104.00459,32.81415],[104.00321,32.81384],[104.00246,32.81391],[104.00025,32.81476],[103.99751,32.81665],[103.99463,32.81825],[103.99378,32.81901],[103.99148,32.82197],[103.98931,32.82426],[103.98804,32.82531],[103.98607,32.8273],[103.98179,32.82985],[103.9794,32.83173],[103.97693,32.83321],[103.97263,32.83748],[103.97173,32.83899],[103.97148,32.83968],[103.9718,32.84094],[103.97445,32.8449],[103.9756,32.84717],[103.97638,32.85013],[103.97744,32.85149],[103.97842,32.85221],[103.98376,32.85314],[103.98513,32.85357],[103.98672,32.85417],[103.99005,32.85583],[103.99165,32.85694],[103.99285,32.85818],[103.99399,32.85993],[103.9945,32.86113],[103.99468,32.86205],[103.99456,32.8648],[103.99329,32.87434],[103.99347,32.87548],[103.99421,32.87753],[103.99418,32.87874],[103.99393,32.87937],[103.99007,32.88008],[103.98349,32.88289],[103.97762,32.88507],[103.97669,32.88555],[103.97569,32.88643],[103.97501,32.88667],[103.97446,32.88657],[103.97122,32.88502],[103.96977,32.88454],[103.96819,32.88446],[103.9657,32.88513],[103.96497,32.8859],[103.96128,32.88752],[103.95972,32.88783],[103.95804,32.88844],[103.95738,32.88914],[103.95742,32.89023],[103.95791,32.89079],[103.95906,32.89272],[103.96023,32.89533],[103.96078,32.89733],[103.96073,32.8983],[103.96022,32.89906],[103.95955,32.89959],[103.95854,32.89984],[103.95539,32.89933],[103.95409,32.89924],[103.95328,32.89942],[103.9534,32.90103],[103.95434,32.90538],[103.95465,32.9061],[103.95635,32.90831],[103.95688,32.91018],[103.95685,32.91133],[103.95667,32.91208],[103.95382,32.91449],[103.95284,32.91594],[103.95273,32.91674],[103.95295,32.91743],[103.95422,32.91872],[103.95589,32.91972],[103.95793,32.91962],[103.95971,32.91981],[103.96116,32.92024],[103.96391,32.92128],[103.96509,32.92211],[103.96553,32.9228],[103.96561,32.92343],[103.96514,32.92556],[103.9616,32.93434],[103.95998,32.93712],[103.95941,32.93868],[103.95939,32.93988],[103.96005,32.94142],[103.96069,32.94232],[103.96125,32.94294],[103.96216,32.9435],[103.96527,32.94481],[103.96761,32.9454],[103.97008,32.94632],[103.97051,32.94666],[103.97046,32.94706],[103.96904,32.94772],[103.96824,32.94831],[103.96745,32.94924],[103.96581,32.95323],[103.96508,32.95404],[103.96414,32.95464],[103.96349,32.95528],[103.96331,32.95603],[103.96444,32.95745],[103.96627,32.95901],[103.9681,32.96098],[103.96989,32.96364],[103.97014,32.96529],[103.96983,32.96634],[103.96811,32.96981],[103.96777,32.97211],[103.9678,32.97308],[103.96868,32.9749],[103.96939,32.97592],[103.97108,32.97766],[103.97387,32.97995],[103.97505,32.98073],[103.97659,32.98214],[103.97806,32.984],[103.97843,32.98497],[103.97852,32.9856],[103.97832,32.986],[103.97513,32.98881],[103.97494,32.98945],[103.97524,32.99053],[103.97625,32.99245],[103.97708,32.99513],[103.97665,32.99678],[103.97589,32.99775],[103.9755,32.99891],[103.97467,33.00018],[103.97424,33.00174],[103.97402,33.00404],[103.97375,33.00511],[103.97457,33.00611],[103.97561,33.00667],[103.9768,33.00695],[103.97801,33.00689],[103.97981,33.00721],[103.98044,33.00797],[103.98046,33.00871],[103.98006,33.0097],[103.98007,33.0106],[103.98078,33.012],[103.98144,33.01457],[103.98116,33.01564],[103.98144,33.01768],[103.98255,33.02028],[103.98233,33.02061],[103.97995,33.02219],[103.97943,33.02397],[103.97947,33.02443],[103.98155,33.02769],[103.98318,33.02975],[103.9865,33.03466],[103.98772,33.03567],[103.98884,33.03601],[103.99056,33.03553],[103.99174,33.03479],[103.99389,33.03377],[103.9955,33.03401],[103.99666,33.03486],[103.99746,33.03603],[103.99748,33.03841],[103.99805,33.03951],[103.99887,33.04045],[103.99982,33.04123],[104.00106,33.04185],[104.00281,33.04199],[104.00532,33.04166],[104.00762,33.04041],[104.00885,33.04013],[104.00986,33.04017],[104.01176,33.041],[104.01349,33.04125],[104.0146,33.0408],[104.01562,33.03966],[104.01667,33.03886],[104.0187,33.03771],[104.01968,33.03691],[104.0219,33.03594],[104.02567,33.03332],[104.02827,33.03221],[104.03053,33.032],[104.03226,33.03025],[104.03296,33.02825],[104.03373,33.02711],[104.0368,33.02715],[104.03926,33.02689],[104.04118,33.02571],[104.04236,33.02452],[104.0441,33.02202],[104.04536,33.01939],[104.04619,33.01803],[104.04854,33.01616],[104.05555,33.01188],[104.0604,33.01073],[104.06322,33.00922],[104.06502,33.00683],[104.066,33.00517],[104.06771,33.00359],[104.06922,33.00309],[104.07459,33.004],[104.07738,33.00381],[104.08115,33.00224],[104.08499,33.00033],[104.08846,32.99933],[104.09562,32.99883],[104.09825,32.99926],[104.09857,32.99973],[104.09901,33.00122],[104.10049,33.00338],[104.10119,33.00397],[104.10252,33.00414],[104.10912,33.00171],[104.11343,32.9998],[104.11396,32.99831],[104.11359,32.99641],[104.11376,32.9952],[104.11502,32.99202],[104.11547,32.99104],[104.11723,32.98859],[104.11935,32.98671],[104.12028,32.98606],[104.1217,32.98539],[104.12378,32.98471],[104.12941,32.98355],[104.13013,32.9829],[104.13233,32.97947],[104.133,32.9771],[104.13366,32.97645],[104.13572,32.9752],[104.13967,32.97367],[104.14054,32.97302],[104.14562,32.9706],[104.14667,32.96988],[104.14846,32.96823],[104.14905,32.96546],[104.14987,32.96395],[104.1506,32.9633],[104.15228,32.96298],[104.15458,32.96286],[104.15532,32.96238],[104.15603,32.96139],[104.15762,32.95842],[104.15886,32.95696],[104.15993,32.95624],[104.16126,32.95569],[104.16723,32.95383],[104.16957,32.95228],[104.17002,32.95162],[104.17007,32.95116],[104.16999,32.95043],[104.16936,32.94899],[104.16968,32.94556],[104.16992,32.94474],[104.17056,32.94353],[104.17211,32.94137],[104.1731,32.94043],[104.17436,32.9397],[104.17972,32.93567],[104.18279,32.93226],[104.18709,32.92699],[104.18868,32.92402],[104.18896,32.9223],[104.18965,32.92062],[104.19011,32.9198],[104.19082,32.91898],[104.1926,32.91756],[104.19374,32.91719],[104.1957,32.91691],[104.1989,32.91729],[104.20289,32.91873],[104.2039,32.91888],[104.20519,32.91873],[104.20626,32.9183],[104.20791,32.91665],[104.20848,32.91566],[104.20993,32.91448],[104.21239,32.91287],[104.21733,32.90878],[104.21823,32.90721],[104.21851,32.90571],[104.21849,32.90514],[104.21778,32.90384],[104.21731,32.9023],[104.21735,32.90144],[104.21801,32.89902],[104.21943,32.89703],[104.22036,32.89615],[104.22189,32.89559],[104.22371,32.8952],[104.22508,32.89517],[104.22635,32.89474],[104.22902,32.89364],[104.23129,32.89232],[104.23597,32.89025],[104.23766,32.88826],[104.23816,32.88687],[104.23838,32.88555],[104.2387,32.88468],[104.2394,32.88352],[104.2413,32.88146],[104.24436,32.88083],[104.2462,32.87899],[104.24787,32.8776],[104.24913,32.87799],[104.25437,32.88195],[104.256,32.88184],[104.25987,32.88103],[104.2611,32.88128],[104.26154,32.88216],[104.26232,32.88251],[104.26676,32.88328],[104.26703,32.88376],[104.26705,32.88426],[104.26671,32.88756],[104.2675,32.88827],[104.26821,32.88875],[104.27151,32.88931],[104.27369,32.89013],[104.27558,32.8912],[104.27706,32.8913]]]]}},{"type":"Feature","properties":{"adcode":"510781","name":"江油市","level":"district","center":[104.74564,31.778572],"site":"https://geojson.hxkj.vip"},"geometry":{"type":"MultiPolygon","coordinates":[[[[105.28524,32.13909],[105.2826,32.13722],[105.28035,32.1348],[105.28038,32.13386],[105.28162,32.13137],[105.28107,32.12997],[105.28024,32.12927],[105.27528,32.12924],[105.27175,32.12896],[105.2701,32.12841],[105.2641,32.12715],[105.26261,32.12664],[105.26146,32.12504],[105.2612,32.12412],[105.26167,32.12326],[105.26254,32.12258],[105.26348,32.12211],[105.26531,32.12159],[105.26954,32.12172],[105.2711,32.12154],[105.27184,32.12125],[105.27279,32.12051],[105.27511,32.11805],[105.27728,32.11709],[105.28558,32.11456],[105.28707,32.11393],[105.28809,32.11331],[105.28891,32.11233],[105.28851,32.11119],[105.28622,32.10877],[105.27283,32.09852],[105.26912,32.09503],[105.2588,32.08827],[105.2553,32.0853],[105.25348,32.08404],[105.25295,32.08341],[105.25261,32.08266],[105.25254,32.08112],[105.25288,32.07975],[105.25347,32.07414],[105.25395,32.07133],[105.25496,32.06755],[105.25549,32.06423],[105.25549,32.06257],[105.25509,32.06171],[105.2538,32.06108],[105.25293,32.06085],[105.2523,32.06086],[105.24954,32.05788],[105.24955,32.05632],[105.24717,32.05309],[105.24691,32.05204],[105.25001,32.04845],[105.25163,32.04173],[105.25163,32.03977],[105.25008,32.03749],[105.25006,32.03315],[105.25065,32.03293],[105.25135,32.03424],[105.25181,32.03454],[105.25243,32.03374],[105.25271,32.0328],[105.25332,32.03244],[105.25386,32.03244],[105.25507,32.03338],[105.25789,32.03431],[105.25956,32.03446],[105.2616,32.0344],[105.26282,32.03341],[105.26439,32.03151],[105.26459,32.0307],[105.26458,32.02891],[105.26329,32.0241],[105.26432,32.01802],[105.26432,32.01769],[105.26399,32.0171],[105.26346,32.01665],[105.26335,32.01505],[105.2628,32.01468],[105.26256,32.01468],[105.26226,32.01535],[105.26154,32.0158],[105.25942,32.01567],[105.25748,32.0146],[105.25637,32.01369],[105.25665,32.01032],[105.25727,32.00975],[105.25739,32.00927],[105.25703,32.00849],[105.25895,32.00835],[105.25969,32.0073],[105.26035,32.00551],[105.26035,32.00494],[105.25799,32.00432],[105.25766,32.00403],[105.25786,32.00281],[105.25775,32.00155],[105.25731,32.00057],[105.25434,31.99787],[105.25489,31.99614],[105.25463,31.99533],[105.25819,31.99218],[105.25845,31.99027],[105.25776,31.98931],[105.25192,31.98286],[105.25163,31.98332],[105.25043,31.98433],[105.24834,31.98529],[105.24802,31.98581],[105.24809,31.98828],[105.24765,31.98957],[105.24803,31.99087],[105.248,31.9914],[105.2469,31.99449],[105.24664,31.99506],[105.24576,31.99605],[105.2447,31.9979],[105.24321,31.99971],[105.24243,32.0003],[105.24183,32.00107],[105.2417,32.00233],[105.24059,32.00513],[105.23968,32.00668],[105.23931,32.00822],[105.23887,32.00926],[105.23818,32.01017],[105.23716,32.01112],[105.23601,32.01289],[105.2356,32.01386],[105.23565,32.01649],[105.23549,32.01646],[105.23508,32.01548],[105.2346,32.01538],[105.23349,32.01566],[105.22857,32.01493],[105.22683,32.01504],[105.22667,32.01472],[105.22672,32.01332],[105.22653,32.01302],[105.22648,32.01233],[105.22608,32.01191],[105.22601,32.01096],[105.22549,32.01066],[105.22488,32.0107],[105.22439,32.01135],[105.22398,32.01242],[105.22383,32.01359],[105.22345,32.01366],[105.22293,32.01335],[105.22221,32.01344],[105.22087,32.01609],[105.22097,32.01818],[105.22081,32.01942],[105.21956,32.02008],[105.21887,32.02024],[105.21871,32.01986],[105.21895,32.01873],[105.21891,32.01685],[105.2188,32.01681],[105.21934,32.01541],[105.21927,32.01487],[105.21886,32.01406],[105.21876,32.01324],[105.21799,32.01201],[105.21788,32.01108],[105.21662,32.01005],[105.21662,32.00973],[105.21706,32.00926],[105.21672,32.00794],[105.21742,32.00773],[105.2175,32.00706],[105.21678,32.00715],[105.21643,32.00632],[105.2161,32.00644],[105.21596,32.00609],[105.2162,32.00531],[105.21609,32.00514],[105.21542,32.00526],[105.21538,32.00453],[105.21515,32.00425],[105.21467,32.00468],[105.21453,32.00468],[105.2143,32.00428],[105.21396,32.00428],[105.21346,32.005],[105.21321,32.005],[105.211,32.00391],[105.20887,32.0038],[105.2085,32.00579],[105.20892,32.00663],[105.20871,32.00738],[105.20822,32.00816],[105.20824,32.00865],[105.20902,32.00926],[105.20909,32.01039],[105.20886,32.01163],[105.20862,32.01172],[105.20422,32.01226],[105.20465,32.01132],[105.20444,32.01118],[105.20376,32.01143],[105.20319,32.01119],[105.20109,32.01171],[105.20086,32.01147],[105.20096,32.01067],[105.20076,32.01064],[105.20011,32.01108],[105.19915,32.01108],[105.19878,32.01051],[105.19837,32.01038],[105.19842,32.00964],[105.19871,32.00896],[105.19945,32.00861],[105.20101,32.00841],[105.20109,32.0082],[105.20065,32.00716],[105.20051,32.00703],[105.19978,32.00708],[105.19956,32.00667],[105.20068,32.00684],[105.20136,32.0067],[105.20155,32.00652],[105.20152,32.0057],[105.20229,32.00543],[105.20184,32.00489],[105.20164,32.00415],[105.20176,32.00283],[105.20329,32.00274],[105.20338,32.00258],[105.20301,32.00243],[105.20198,32.00243],[105.20066,32.0017],[105.19982,32.0008],[105.19925,31.99976],[105.19901,31.99976],[105.19782,32.00051],[105.1953,32.0011],[105.1924,32.00047],[105.19196,32.00005],[105.19191,31.99936],[105.19223,31.99911],[105.19294,31.9992],[105.19306,31.99914],[105.19303,31.99881],[105.192,31.99724],[105.19261,31.99677],[105.19392,31.99647],[105.1941,31.996],[105.1939,31.99549],[105.19359,31.99539],[105.19279,31.99447],[105.19241,31.99342],[105.1907,31.99516],[105.18953,31.99611],[105.18887,31.99636],[105.18739,31.99643],[105.18542,31.9972],[105.1847,31.9973],[105.18347,31.99708],[105.18176,31.99782],[105.18048,31.99798],[105.17985,31.9984],[105.18033,31.99875],[105.18039,31.9989],[105.18016,31.99908],[105.1795,31.99916],[105.17831,31.99882],[105.17646,31.99859],[105.17534,31.99927],[105.1742,31.99952],[105.17374,31.99946],[105.17344,31.99911],[105.17344,31.99874],[105.17373,31.99843],[105.17502,31.99804],[105.17439,31.99708],[105.1742,31.99589],[105.17672,31.99387],[105.17756,31.99257],[105.18091,31.98913],[105.18781,31.98299],[105.18785,31.9822],[105.18653,31.9802],[105.18652,31.97957],[105.18676,31.97878],[105.18727,31.97801],[105.18807,31.97732],[105.18852,31.97649],[105.18886,31.97463],[105.18863,31.97259],[105.18582,31.96929],[105.18573,31.96784],[105.18516,31.9654],[105.18735,31.9628],[105.18957,31.96069],[105.19024,31.95954],[105.19072,31.95685],[105.19228,31.95364],[105.19382,31.95169],[105.19538,31.95032],[105.19672,31.94963],[105.19846,31.94958],[105.20087,31.9491],[105.20281,31.94743],[105.20383,31.94723],[105.20692,31.94732],[105.20721,31.94708],[105.20724,31.94683],[105.20604,31.94623],[105.20529,31.94564],[105.20518,31.94506],[105.20558,31.94423],[105.20643,31.9435],[105.207,31.94257],[105.20688,31.94179],[105.20648,31.94135],[105.20568,31.94111],[105.20407,31.94159],[105.20243,31.9416],[105.20087,31.94127],[105.20036,31.94088],[105.20002,31.9402],[105.19946,31.93595],[105.19962,31.93401],[105.19845,31.93233],[105.19493,31.93078],[105.19401,31.92991],[105.19419,31.9279],[105.1935,31.92625],[105.19247,31.92489],[105.18933,31.92148],[105.18596,31.91545],[105.18318,31.91133],[105.18256,31.90949],[105.18247,31.90829],[105.18191,31.90712],[105.18445,31.90324],[105.18668,31.89855],[105.18724,31.89799],[105.1872,31.89756],[105.18665,31.8973],[105.18609,31.89756],[105.18536,31.8983],[105.18383,31.90024],[105.18335,31.90249],[105.18206,31.90417],[105.18108,31.9048],[105.18047,31.9048],[105.17992,31.90444],[105.17789,31.90057],[105.17715,31.9001],[105.17599,31.8999],[105.17329,31.89991],[105.17176,31.8997],[105.17108,31.89929],[105.17072,31.89798],[105.17049,31.89775],[105.16603,31.8963],[105.16383,31.89674],[105.16204,31.89865],[105.16147,31.89983],[105.16041,31.9043],[105.16032,31.9058],[105.1598,31.90759],[105.15986,31.90818],[105.15828,31.90969],[105.15657,31.90998],[105.15417,31.90999],[105.1512,31.90961],[105.14984,31.90928],[105.14784,31.91054],[105.14683,31.91075],[105.14535,31.91044],[105.14151,31.90882],[105.13804,31.90795],[105.13677,31.90747],[105.1363,31.90705],[105.13368,31.90586],[105.13191,31.90431],[105.13171,31.90351],[105.13233,31.90145],[105.13031,31.90217],[105.12506,31.90338],[105.12221,31.90329],[105.12129,31.90354],[105.11786,31.90588],[105.11666,31.90613],[105.11558,31.90608],[105.11483,31.9055],[105.11506,31.90423],[105.11455,31.90111],[105.11409,31.90018],[105.11329,31.89974],[105.11123,31.89931],[105.1086,31.89852],[105.10721,31.89775],[105.10605,31.89641],[105.10543,31.89445],[105.10471,31.89123],[105.10394,31.8899],[105.10377,31.88892],[105.10399,31.88801],[105.10553,31.88621],[105.10624,31.88473],[105.1056,31.8834],[105.10491,31.88262],[105.10445,31.88137],[105.10441,31.88026],[105.10615,31.87929],[105.10696,31.87837],[105.10745,31.87729],[105.10739,31.87586],[105.10635,31.87366],[105.10519,31.87206],[105.10478,31.87186],[105.10404,31.87196],[105.10307,31.8725],[105.10072,31.87489],[105.09998,31.87528],[105.09923,31.87538],[105.0975,31.87455],[105.09597,31.87455],[105.09134,31.8765],[105.08985,31.87689],[105.08899,31.87621],[105.08893,31.87519],[105.09184,31.86953],[105.09173,31.86875],[105.09008,31.86715],[105.08994,31.86665],[105.08929,31.86584],[105.08836,31.86553],[105.0868,31.86578],[105.0855,31.8665],[105.08474,31.86746],[105.0841,31.86853],[105.08359,31.86984],[105.08289,31.87086],[105.08191,31.87192],[105.08122,31.87242],[105.08062,31.87247],[105.08023,31.872],[105.07993,31.87091],[105.07934,31.87044],[105.07538,31.86955],[105.07198,31.86828],[105.07004,31.86801],[105.06825,31.86728],[105.06636,31.86512],[105.06564,31.86402],[105.06511,31.86137],[105.06592,31.85893],[105.06641,31.85625],[105.06476,31.85501],[105.06275,31.8545],[105.06138,31.85539],[105.05889,31.85539],[105.05321,31.85395],[105.04871,31.85322],[105.04792,31.85246],[105.04834,31.85161],[105.04926,31.85048],[105.0499,31.84935],[105.04972,31.84849],[105.04582,31.847],[105.04452,31.84698],[105.04257,31.84734],[105.04234,31.84756],[105.04297,31.84878],[105.04283,31.84922],[105.04168,31.84958],[105.04079,31.84953],[105.03896,31.84819],[105.03805,31.84635],[105.03632,31.8461],[105.0355,31.84583],[105.03524,31.84539],[105.0354,31.84475],[105.03619,31.8443],[105.03674,31.84375],[105.03765,31.84329],[105.03792,31.84285],[105.03915,31.84173],[105.04013,31.84108],[105.04059,31.83979],[105.04054,31.83948],[105.04019,31.83911],[105.03963,31.83896],[105.03805,31.83913],[105.03555,31.84034],[105.03291,31.83999],[105.03214,31.83975],[105.03179,31.83898],[105.0309,31.83841],[105.02754,31.83667],[105.02372,31.83407],[105.02129,31.83303],[105.01994,31.83222],[105.01901,31.83147],[105.01833,31.83054],[105.01781,31.83035],[105.01589,31.83093],[105.01509,31.831],[105.01213,31.8296],[105.01107,31.82835],[105.00885,31.82673],[105.00734,31.82636],[105.00639,31.8264],[105.00342,31.82606],[105.00078,31.8271],[104.99898,31.82889],[104.99833,31.83073],[104.99705,31.83244],[104.99655,31.83403],[104.9965,31.83592],[104.99609,31.83806],[104.99568,31.8389],[104.99322,31.84133],[104.99228,31.84396],[104.98935,31.84639],[104.98841,31.84669],[104.98566,31.84658],[104.98443,31.84623],[104.98373,31.84573],[104.98338,31.84463],[104.98297,31.84215],[104.98291,31.84035],[104.98311,31.83973],[104.98385,31.83233],[104.98625,31.82633],[104.98646,31.82464],[104.98621,31.82401],[104.98544,31.82355],[104.98012,31.82184],[104.97939,31.82104],[104.97932,31.82064],[104.97949,31.82001],[104.98246,31.81661],[104.98273,31.81586],[104.97943,31.81262],[104.97912,31.81253],[104.9769,31.8133],[104.97582,31.8147],[104.97521,31.81472],[104.97447,31.81441],[104.97408,31.81392],[104.97368,31.81274],[104.97455,31.81164],[104.97543,31.81014],[104.97553,31.80934],[104.97536,31.80897],[104.97412,31.80796],[104.97392,31.80796],[104.97314,31.80876],[104.9728,31.8089],[104.97253,31.80881],[104.97223,31.80833],[104.97181,31.80695],[104.97211,31.80466],[104.97181,31.80411],[104.97137,31.80391],[104.96972,31.80405],[104.96615,31.80522],[104.96568,31.8049],[104.96551,31.80415],[104.96551,31.80201],[104.96605,31.80009],[104.96679,31.7994],[104.96755,31.799],[104.96826,31.798],[104.96876,31.79697],[104.96944,31.79408],[104.96974,31.79362],[104.97052,31.79371],[104.97247,31.79512],[104.97341,31.79558],[104.97386,31.7955],[104.9746,31.7949],[104.9754,31.79375],[104.97638,31.7937],[104.97665,31.7939],[104.97665,31.7945],[104.97688,31.79479],[104.9789,31.79468],[104.97931,31.7944],[104.98025,31.79311],[104.98167,31.79309],[104.9862,31.79124],[104.98725,31.79012],[104.98918,31.78755],[104.9907,31.78606],[104.99088,31.78546],[104.99074,31.78477],[104.9899,31.78325],[104.98909,31.78297],[104.98757,31.78293],[104.98616,31.78379],[104.98565,31.78376],[104.98407,31.78203],[104.98417,31.78149],[104.98497,31.78077],[104.98511,31.7802],[104.98501,31.78006],[104.9845,31.77997],[104.98291,31.78035],[104.98242,31.78022],[104.98218,31.77999],[104.98218,31.7793],[104.98285,31.77865],[104.98481,31.77797],[104.98596,31.77731],[104.98828,31.77672],[104.98845,31.77646],[104.98842,31.7756],[104.98932,31.77357],[104.98973,31.77305],[104.99359,31.77364],[104.99399,31.7735],[104.99426,31.77324],[104.99494,31.77138],[104.99662,31.77041],[104.99679,31.76972],[104.99645,31.76921],[104.99571,31.76857],[104.99377,31.76748],[104.99404,31.76487],[104.99391,31.76438],[104.99317,31.76427],[104.9927,31.76452],[104.99251,31.76482],[104.99007,31.76517],[104.98705,31.76498],[104.9866,31.76421],[104.98649,31.76295],[104.98653,31.76156],[104.98713,31.76],[104.98706,31.75926],[104.9863,31.75939],[104.98517,31.76034],[104.98504,31.76087],[104.98521,31.7625],[104.98491,31.76413],[104.98447,31.76495],[104.98407,31.76513],[104.98301,31.76513],[104.9817,31.7646],[104.97932,31.76235],[104.97829,31.76166],[104.97607,31.76126],[104.97292,31.76181],[104.96506,31.76369],[104.96411,31.76369],[104.96346,31.76353],[104.96167,31.76226],[104.96019,31.76083],[104.96002,31.76059],[104.95924,31.75733],[104.95829,31.7559],[104.95688,31.75523],[104.95713,31.75477],[104.95917,31.75288],[104.96107,31.75227],[104.9615,31.75174],[104.96117,31.75091],[104.96082,31.74842],[104.95955,31.74741],[104.95921,31.74566],[104.95935,31.74446],[104.95978,31.74383],[104.96117,31.74261],[104.96174,31.74104],[104.96387,31.73862],[104.96432,31.73759],[104.96435,31.73599],[104.96458,31.73516],[104.96489,31.73459],[104.966,31.73344],[104.96793,31.73044],[104.96797,31.72924],[104.96732,31.72734],[104.96728,31.72483],[104.96749,31.72434],[104.96778,31.72406],[104.96851,31.72389],[104.97213,31.72386],[104.97261,31.72344],[104.97274,31.72285],[104.97398,31.72094],[104.97409,31.72062],[104.97173,31.7181],[104.96859,31.71651],[104.9671,31.71763],[104.96413,31.71923],[104.96176,31.71802],[104.96049,31.71788],[104.95919,31.71838],[104.95878,31.71841],[104.95848,31.71824],[104.95814,31.71776],[104.95677,31.71425],[104.95643,31.71402],[104.95391,31.7133],[104.95192,31.71301],[104.95103,31.7122],[104.95068,31.71219],[104.94867,31.7114],[104.94746,31.7105],[104.94565,31.70978],[104.94545,31.70953],[104.94545,31.70921],[104.94621,31.70603],[104.9461,31.70494],[104.94622,31.70399],[104.94493,31.70159],[104.94391,31.70044],[104.94196,31.69907],[104.93988,31.69844],[104.93726,31.69822],[104.93075,31.69903],[104.93149,31.70264],[104.93331,31.70561],[104.9346,31.70824],[104.93451,31.71136],[104.93418,31.71232],[104.9317,31.71443],[104.93159,31.7148],[104.9317,31.71546],[104.92917,31.71746],[104.92887,31.71749],[104.9284,31.71726],[104.92722,31.71602],[104.92665,31.71605],[104.92484,31.71705],[104.92396,31.71729],[104.92261,31.71697],[104.922,31.71663],[104.92145,31.71601],[104.92015,31.71355],[104.91894,31.71],[104.91732,31.7067],[104.91718,31.7059],[104.91725,31.70486],[104.91874,31.70097],[104.91887,31.69982],[104.9186,31.69954],[104.91502,31.69841],[104.91424,31.69867],[104.91229,31.70062],[104.91169,31.70176],[104.91135,31.70537],[104.91094,31.70594],[104.90892,31.70709],[104.90731,31.70732],[104.9058,31.70694],[104.90583,31.70657],[104.9064,31.70616],[104.90642,31.70571],[104.90624,31.70541],[104.90561,31.70529],[104.904,31.70605],[104.90215,31.70781],[104.90119,31.7095],[104.90128,31.71254],[104.9006,31.71397],[104.89794,31.71589],[104.8972,31.71576],[104.89598,31.71512],[104.89463,31.71582],[104.89399,31.71593],[104.89182,31.71552],[104.89139,31.716],[104.89301,31.71748],[104.89126,31.71749],[104.89073,31.71761],[104.88973,31.71818],[104.88918,31.71812],[104.88904,31.71778],[104.88965,31.716],[104.88924,31.71445],[104.88887,31.7142],[104.88726,31.714],[104.88692,31.71259],[104.8867,31.71052],[104.88605,31.70887],[104.88587,31.70792],[104.88594,31.70741],[104.88621,31.70706],[104.89088,31.7066],[104.89473,31.70675],[104.89497,31.70655],[104.89497,31.70586],[104.89464,31.70388],[104.89378,31.70239],[104.89325,31.70208],[104.8921,31.70231],[104.89036,31.70199],[104.88932,31.70165],[104.88845,31.70102],[104.88811,31.70053],[104.88643,31.69643],[104.88632,31.6954],[104.88639,31.69477],[104.88844,31.69142],[104.88855,31.69027],[104.88828,31.68979],[104.88761,31.68918],[104.88496,31.68789],[104.88402,31.68781],[104.8808,31.68801],[104.87946,31.68833],[104.87763,31.68979],[104.87313,31.69147],[104.87291,31.69254],[104.87244,31.69331],[104.8704,31.69411],[104.86798,31.6956],[104.86684,31.6958],[104.86516,31.69532],[104.8643,31.6954],[104.86342,31.69583],[104.86153,31.69881],[104.86193,31.70045],[104.86189,31.7011],[104.86152,31.70177],[104.86102,31.70234],[104.85758,31.70509],[104.85647,31.70535],[104.85191,31.70556],[104.85056,31.70658],[104.84705,31.70845],[104.84612,31.70918],[104.84488,31.70971],[104.84273,31.71135],[104.84124,31.71097],[104.84068,31.71063],[104.84048,31.71],[104.84021,31.70751],[104.83974,31.70719],[104.83853,31.70705],[104.8365,31.70645],[104.836,31.70602],[104.83552,31.70338],[104.83442,31.70155],[104.83306,31.70018],[104.8311,31.69936],[104.82614,31.69867],[104.82259,31.69791],[104.82131,31.69738],[104.81559,31.69575],[104.81482,31.69544],[104.81463,31.69512],[104.81395,31.69297],[104.82197,31.68439],[104.82346,31.68297],[104.82457,31.68226],[104.82419,31.68143],[104.82343,31.68097],[104.82104,31.68074],[104.81899,31.68097],[104.81772,31.68062],[104.81792,31.67676],[104.81877,31.66868],[104.8187,31.6665],[104.81897,31.66553],[104.81964,31.66455],[104.82104,31.66312],[104.82278,31.6623],[104.82417,31.66117],[104.82585,31.65937],[104.82639,31.65845],[104.82738,31.6553],[104.82799,31.65405],[104.82815,31.65342],[104.82799,31.65307],[104.8258,31.65349],[104.82531,31.65321],[104.82515,31.6528],[104.82547,31.65197],[104.82725,31.65086],[104.82806,31.65017],[104.82806,31.64983],[104.8271,31.6481],[104.82629,31.64768],[104.82306,31.64748],[104.82162,31.647],[104.82,31.64603],[104.81928,31.6452],[104.81791,31.645],[104.8167,31.64458],[104.8163,31.64424],[104.81614,31.64375],[104.81606,31.64237],[104.81566,31.64189],[104.81485,31.64189],[104.81404,31.6423],[104.81372,31.64265],[104.81356,31.64417],[104.81283,31.64479],[104.81195,31.64521],[104.80832,31.64559],[104.80768,31.64539],[104.80661,31.64418],[104.80588,31.64392],[104.80529,31.64403],[104.80527,31.64521],[104.8051,31.64586],[104.80363,31.64576],[104.80163,31.64503],[104.80039,31.64508],[104.7994,31.64569],[104.799,31.64691],[104.79859,31.64708],[104.79609,31.6466],[104.79573,31.64677],[104.79563,31.64725],[104.7965,31.6486],[104.7967,31.6493],[104.7939,31.65148],[104.79298,31.65144],[104.79292,31.65131],[104.79333,31.65048],[104.79328,31.65026],[104.79298,31.65013],[104.7918,31.65026],[104.79007,31.65144],[104.78951,31.65165],[104.7888,31.65165],[104.78854,31.65148],[104.78661,31.65113],[104.78492,31.65165],[104.78266,31.65279],[104.78143,31.65387],[104.78095,31.65387],[104.78083,31.65373],[104.78133,31.6526],[104.78127,31.65214],[104.78098,31.65209],[104.78058,31.6526],[104.78027,31.65272],[104.7797,31.65241],[104.7787,31.65238],[104.77813,31.6526],[104.77784,31.65253],[104.77747,31.65189],[104.77652,31.65182],[104.77642,31.65138],[104.77739,31.64947],[104.77734,31.64903],[104.77714,31.64886],[104.77604,31.64917],[104.77499,31.64881],[104.7743,31.64878],[104.77378,31.64705],[104.77428,31.64627],[104.77564,31.64331],[104.77715,31.63869],[104.77808,31.63653],[104.78335,31.63698],[104.78372,31.63692],[104.78409,31.63658],[104.78409,31.63615],[104.78362,31.63537],[104.78359,31.635],[104.78378,31.6346],[104.78464,31.634],[104.78488,31.63365],[104.78502,31.633],[104.78498,31.63176],[104.78471,31.63116],[104.78375,31.63001],[104.78352,31.62936],[104.78416,31.62872],[104.78549,31.62784],[104.78639,31.62658],[104.78696,31.62563],[104.78696,31.62532],[104.78642,31.62494],[104.78538,31.62471],[104.78424,31.62468],[104.78134,31.62505],[104.77909,31.62597],[104.77675,31.62573],[104.77668,31.62542],[104.77799,31.62411],[104.77692,31.62336],[104.77501,31.62161],[104.77438,31.62152],[104.7709,31.62246],[104.77054,31.62244],[104.77001,31.62117],[104.76947,31.62054],[104.76894,31.62023],[104.76817,31.62014],[104.7661,31.62114],[104.76565,31.62115],[104.76412,31.62077],[104.76338,31.62036],[104.76269,31.62026],[104.76203,31.62042],[104.76153,31.62082],[104.76099,31.62205],[104.75995,31.62262],[104.75858,31.62273],[104.7576,31.62227],[104.7571,31.62179],[104.75647,31.62169],[104.75309,31.6225],[104.75004,31.62234],[104.74941,31.62252],[104.7487,31.62472],[104.74658,31.62466],[104.74591,31.62486],[104.74541,31.62526],[104.74319,31.626],[104.74242,31.62689],[104.74225,31.62734],[104.74248,31.62763],[104.74332,31.62766],[104.74348,31.62804],[104.74315,31.6284],[104.74174,31.62846],[104.7405,31.62828],[104.73943,31.62848],[104.73691,31.62859],[104.73627,31.62847],[104.73587,31.62821],[104.7358,31.6279],[104.73634,31.62701],[104.73681,31.62655],[104.73732,31.62636],[104.73917,31.62625],[104.74027,31.62599],[104.74195,31.62511],[104.74226,31.62488],[104.74229,31.62454],[104.74205,31.62436],[104.74159,31.62433],[104.74074,31.62462],[104.74036,31.62503],[104.73964,31.6254],[104.73869,31.62526],[104.73835,31.62499],[104.73822,31.62465],[104.73833,31.62237],[104.73814,31.62143],[104.73753,31.62098],[104.73433,31.61975],[104.73337,31.61863],[104.73306,31.6178],[104.73324,31.61742],[104.73789,31.61426],[104.73806,31.61368],[104.73772,31.61076],[104.73789,31.60878],[104.73769,31.60847],[104.73601,31.60775],[104.73498,31.60654],[104.73465,31.60591],[104.73435,31.60442],[104.73408,31.60402],[104.73192,31.60149],[104.73048,31.60057],[104.72984,31.60031],[104.72632,31.59972],[104.72438,31.59955],[104.72361,31.59963],[104.72303,31.60014],[104.7232,31.60195],[104.72245,31.60341],[104.72107,31.60498],[104.71966,31.60609],[104.71892,31.60617],[104.718,31.60671],[104.71427,31.60825],[104.71043,31.60777],[104.70748,31.60825],[104.70705,31.60845],[104.7068,31.6087],[104.70653,31.60959],[104.7063,31.6097],[104.70348,31.60966],[104.70318,31.60935],[104.70338,31.60872],[104.70274,31.60817],[104.70094,31.60842],[104.69667,31.60729],[104.6956,31.60663],[104.69331,31.60401],[104.69237,31.6034],[104.68787,31.60258],[104.68794,31.60026],[104.68768,31.59914],[104.68583,31.59406],[104.68446,31.59251],[104.68392,31.59219],[104.68308,31.59213],[104.68171,31.59238],[104.67545,31.59505],[104.67461,31.59498],[104.67333,31.59458],[104.67033,31.5929],[104.66585,31.58858],[104.66444,31.58778],[104.66378,31.58691],[104.66352,31.5837],[104.66285,31.58318],[104.65399,31.58016],[104.65353,31.5797],[104.65353,31.57913],[104.65407,31.57827],[104.65595,31.57667],[104.66452,31.57264],[104.6689,31.57118],[104.67011,31.57049],[104.67079,31.56981],[104.67086,31.56889],[104.67032,31.56746],[104.66798,31.56486],[104.66799,31.56349],[104.66819,31.5628],[104.66623,31.55747],[104.66556,31.55689],[104.66422,31.55705],[104.66294,31.55745],[104.66146,31.55744],[104.66086,31.55709],[104.66013,31.55595],[104.66013,31.55537],[104.66201,31.55492],[104.66242,31.55441],[104.66263,31.54977],[104.66236,31.54931],[104.66102,31.54867],[104.65787,31.54826],[104.65498,31.54824],[104.65378,31.54795],[104.65277,31.54749],[104.65204,31.54674],[104.65121,31.54381],[104.65061,31.54306],[104.65044,31.54202],[104.65087,31.54036],[104.65073,31.54005],[104.65038,31.5399],[104.64934,31.53991],[104.646,31.54015],[104.64432,31.53966],[104.64334,31.54002],[104.64246,31.5393],[104.64109,31.53891],[104.63887,31.53922],[104.63763,31.54001],[104.63708,31.54008],[104.63115,31.53908],[104.62661,31.54001],[104.62544,31.54067],[104.62511,31.54216],[104.62523,31.54277],[104.62595,31.5431],[104.62666,31.54399],[104.62584,31.54631],[104.62517,31.54657],[104.62393,31.54625],[104.62335,31.54632],[104.62309,31.54653],[104.6234,31.54879],[104.6222,31.54993],[104.62113,31.55034],[104.61931,31.55204],[104.61859,31.55293],[104.61851,31.55614],[104.61773,31.55796],[104.61694,31.56128],[104.61628,31.56227],[104.6148,31.56282],[104.61097,31.56347],[104.60697,31.56329],[104.60611,31.56284],[104.60553,31.5622],[104.60399,31.56184],[104.60309,31.56184],[104.60238,31.56195],[104.60081,31.56321],[104.59997,31.56354],[104.59927,31.56354],[104.59868,31.56332],[104.59855,31.56254],[104.59862,31.56232],[104.59907,31.56221],[104.59973,31.56149],[104.59992,31.56061],[104.59972,31.56028],[104.59844,31.55928],[104.59502,31.55849],[104.59372,31.55843],[104.59172,31.55887],[104.59113,31.56009],[104.59087,31.56218],[104.59111,31.56369],[104.59147,31.56414],[104.59209,31.56452],[104.59396,31.5642],[104.5977,31.56453],[104.59913,31.56492],[104.59958,31.56531],[104.60009,31.56693],[104.59989,31.56758],[104.59768,31.5694],[104.59543,31.57049],[104.59527,31.57087],[104.59547,31.57124],[104.59694,31.5717],[104.59874,31.57185],[104.59948,31.5726],[104.59954,31.5732],[104.59944,31.57369],[104.59907,31.574],[104.59841,31.5742],[104.59736,31.57414],[104.59509,31.57362],[104.59458,31.57373],[104.59444,31.5749],[104.59535,31.57531],[104.59569,31.57571],[104.59599,31.57711],[104.59596,31.57754],[104.59509,31.57857],[104.59509,31.57875],[104.59582,31.57904],[104.59646,31.57895],[104.60205,31.57705],[104.60293,31.57696],[104.60313,31.57731],[104.60188,31.57905],[104.60145,31.58003],[104.60134,31.58063],[104.60151,31.5808],[104.60245,31.58092],[104.60777,31.57993],[104.60862,31.58026],[104.60854,31.58107],[104.60743,31.58252],[104.60537,31.58444],[104.60433,31.5862],[104.6035,31.58892],[104.60278,31.59023],[104.60278,31.59076],[104.60298,31.59164],[104.60533,31.59296],[104.60615,31.59376],[104.60995,31.59658],[104.61178,31.59764],[104.61369,31.59818],[104.61367,31.59909],[104.61336,31.59971],[104.61238,31.60318],[104.6098,31.60651],[104.60891,31.60718],[104.60247,31.60995],[104.59938,31.61081],[104.5929,31.61149],[104.59037,31.61237],[104.58915,31.61304],[104.58878,31.61372],[104.58775,31.61444],[104.58634,31.61479],[104.58438,31.61554],[104.58409,31.61545],[104.58253,31.61584],[104.58134,31.61643],[104.57901,31.61837],[104.57867,31.61907],[104.57894,31.61943],[104.57904,31.62226],[104.57845,31.62298],[104.578,31.62315],[104.575,31.62344],[104.57199,31.62341],[104.5691,31.62264],[104.56863,31.62223],[104.5679,31.62078],[104.56705,31.62018],[104.56268,31.61868],[104.55924,31.6167],[104.55801,31.61666],[104.55746,31.61716],[104.55732,31.61784],[104.55687,31.61856],[104.55454,31.61995],[104.55087,31.62097],[104.55024,31.62082],[104.54999,31.62033],[104.54942,31.61978],[104.54902,31.61967],[104.54648,31.62121],[104.54594,31.62181],[104.54606,31.6229],[104.54864,31.62606],[104.5485,31.62657],[104.5483,31.62677],[104.54673,31.62697],[104.54479,31.62789],[104.54378,31.628],[104.54175,31.62751],[104.54101,31.62754],[104.54054,31.62794],[104.54051,31.62825],[104.54118,31.63023],[104.54318,31.63361],[104.5447,31.63459],[104.54616,31.63471],[104.54699,31.63586],[104.54753,31.6362],[104.54873,31.63636],[104.54985,31.63629],[104.55048,31.63658],[104.55145,31.63964],[104.55178,31.64027],[104.55331,31.64137],[104.55351,31.64185],[104.55314,31.64303],[104.55046,31.64761],[104.54979,31.64838],[104.54925,31.64884],[104.54453,31.65081],[104.54405,31.65124],[104.54335,31.65256],[104.54047,31.65562],[104.53929,31.65645],[104.53779,31.65716],[104.53205,31.65901],[104.52508,31.66372],[104.52323,31.66523],[104.51807,31.67039],[104.51636,31.67281],[104.51459,31.67563],[104.5144,31.67723],[104.51402,31.67868],[104.51423,31.67993],[104.51491,31.68079],[104.51558,31.68152],[104.51658,31.68191],[104.51812,31.68241],[104.5212,31.68283],[104.52381,31.68292],[104.52635,31.68341],[104.53252,31.68557],[104.53413,31.68631],[104.53676,31.688],[104.5399,31.68791],[104.54528,31.69117],[104.55085,31.69306],[104.55817,31.69671],[104.56228,31.69931],[104.56841,31.7028],[104.57372,31.70538],[104.57973,31.70876],[104.5838,31.71308],[104.589,31.71728],[104.59042,31.71875],[104.5911,31.72156],[104.59065,31.7222],[104.59075,31.7227],[104.59182,31.72407],[104.59278,31.72465],[104.59405,31.72701],[104.6,31.73103],[104.59993,31.732],[104.59933,31.73338],[104.59791,31.73538],[104.59737,31.73572],[104.59602,31.73595],[104.59374,31.73582],[104.59227,31.73519],[104.5904,31.73467],[104.58972,31.73513],[104.5887,31.73701],[104.58897,31.73764],[104.58984,31.73793],[104.59058,31.73839],[104.59105,31.73925],[104.59104,31.74011],[104.58929,31.74246],[104.58481,31.74578],[104.58118,31.75005],[104.58028,31.75292],[104.58183,31.75445],[104.58442,31.75539],[104.59597,31.76101],[104.59694,31.76133],[104.60165,31.76218],[104.60459,31.76406],[104.60455,31.76488],[104.60428,31.76555],[104.60319,31.76735],[104.60216,31.76874],[104.59967,31.77108],[104.59855,31.77189],[104.59755,31.77239],[104.59653,31.77272],[104.59431,31.77298],[104.59308,31.7736],[104.59213,31.77436],[104.58753,31.77714],[104.58619,31.77814],[104.58526,31.77899],[104.58477,31.77992],[104.5848,31.78103],[104.58561,31.78309],[104.58575,31.78408],[104.58473,31.78577],[104.58442,31.78775],[104.58585,31.79172],[104.5867,31.80087],[104.58766,31.80211],[104.58924,31.80325],[104.59007,31.80452],[104.59175,31.80577],[104.59316,31.80878],[104.59304,31.80991],[104.5925,31.81096],[104.58997,31.81313],[104.5896,31.81387],[104.58965,31.81507],[104.59002,31.81681],[104.59134,31.81957],[104.59185,31.82118],[104.59193,31.82232],[104.59176,31.82284],[104.59108,31.82365],[104.59003,31.82407],[104.58495,31.82531],[104.58389,31.82598],[104.58277,31.82717],[104.58195,31.82769],[104.58128,31.82772],[104.58027,31.82747],[104.57802,31.82743],[104.57614,31.82797],[104.57517,31.8285],[104.57442,31.82962],[104.57434,31.83115],[104.57415,31.83187],[104.57309,31.8338],[104.57224,31.83499],[104.57215,31.83625],[104.57253,31.83884],[104.57245,31.83928],[104.5721,31.83968],[104.56679,31.84335],[104.56474,31.84449],[104.5614,31.84554],[104.56045,31.84614],[104.55937,31.84652],[104.55862,31.84662],[104.55783,31.84635],[104.55671,31.84558],[104.55585,31.84541],[104.55148,31.84646],[104.55049,31.8472],[104.55029,31.84792],[104.55041,31.84906],[104.55079,31.8499],[104.55281,31.85205],[104.55304,31.85264],[104.55304,31.85328],[104.55117,31.8547],[104.55371,31.85945],[104.55765,31.86151],[104.55819,31.86226],[104.55794,31.86465],[104.55869,31.86625],[104.56024,31.86668],[104.56618,31.86713],[104.57061,31.86589],[104.57236,31.86595],[104.57403,31.8667],[104.57564,31.86802],[104.57805,31.86883],[104.58094,31.86907],[104.58294,31.86953],[104.58676,31.87177],[104.58877,31.87373],[104.59086,31.87459],[104.59212,31.87546],[104.59396,31.87774],[104.59512,31.87845],[104.60072,31.88121],[104.61306,31.88454],[104.61611,31.88652],[104.61882,31.88901],[104.62086,31.89026],[104.62511,31.89126],[104.6293,31.89346],[104.63381,31.89686],[104.63502,31.89847],[104.63776,31.90284],[104.6383,31.90318],[104.63911,31.90319],[104.63998,31.90273],[104.64674,31.8976],[104.65164,31.89536],[104.6567,31.89458],[104.66026,31.89312],[104.66098,31.89157],[104.66036,31.88998],[104.65906,31.88883],[104.65938,31.88689],[104.66199,31.88212],[104.66541,31.87878],[104.66973,31.87542],[104.6703,31.87505],[104.67163,31.87483],[104.67257,31.87442],[104.67356,31.87321],[104.67387,31.87069],[104.67421,31.87057],[104.67763,31.87084],[104.68183,31.87219],[104.68749,31.87357],[104.69033,31.87447],[104.69814,31.8802],[104.70224,31.88429],[104.7077,31.89049],[104.71146,31.89304],[104.71447,31.89606],[104.71985,31.89958],[104.72004,31.90044],[104.71957,31.90118],[104.71572,31.9034],[104.71423,31.905],[104.71129,31.90954],[104.71025,31.9116],[104.70985,31.91292],[104.70986,31.91396],[104.71016,31.91533],[104.7118,31.9176],[104.71245,31.91806],[104.71308,31.91915],[104.71402,31.92202],[104.71395,31.92316],[104.71368,31.92373],[104.7132,31.92396],[104.7099,31.92366],[104.70552,31.92239],[104.70418,31.92226],[104.7031,31.92243],[104.70188,31.923],[104.69965,31.9258],[104.69776,31.92677],[104.69296,31.93139],[104.69187,31.93333],[104.69167,31.93425],[104.69175,31.93476],[104.69229,31.93562],[104.69292,31.93762],[104.69321,31.93979],[104.69427,31.94414],[104.6945,31.94597],[104.69444,31.94727],[104.69673,31.95363],[104.70047,31.96253],[104.7004,31.96333],[104.69979,31.96419],[104.6981,31.96579],[104.69756,31.9667],[104.69736,31.96773],[104.69776,31.9687],[104.70113,31.97058],[104.70484,31.9757],[104.7067,31.97711],[104.71182,31.97856],[104.71525,31.97977],[104.71822,31.98199],[104.72336,31.98755],[104.72435,31.99123],[104.72791,31.99172],[104.7292,31.99237],[104.73005,31.99312],[104.73053,31.99327],[104.73234,31.9933],[104.73406,31.99306],[104.73599,31.9935],[104.7411,31.99661],[104.74306,31.99709],[104.74507,31.9979],[104.74593,31.99882],[104.74753,32.00133],[104.74945,32.00354],[104.75007,32.00404],[104.75109,32.00472],[104.75224,32.00522],[104.75458,32.00579],[104.75927,32.00782],[104.7608,32.00942],[104.7662,32.01137],[104.76952,32.01449],[104.77186,32.01779],[104.77623,32.01817],[104.77797,32.01795],[104.7795,32.01743],[104.78174,32.01761],[104.78611,32.02055],[104.78774,32.02087],[104.78893,32.02079],[104.79042,32.01963],[104.79108,32.01743],[104.79244,32.01674],[104.79233,32.01651],[104.79054,32.01529],[104.78839,32.01093],[104.7876,32.00855],[104.78767,32.00641],[104.78948,31.99997],[104.79034,31.99851],[104.78943,31.99691],[104.78954,31.99556],[104.79018,31.99497],[104.79265,31.99421],[104.79433,31.99401],[104.79548,31.99439],[104.79717,31.99558],[104.79854,31.99683],[104.80043,31.99787],[104.80064,31.99851],[104.80099,31.9988],[104.80266,31.99925],[104.80356,31.99997],[104.80593,32.00293],[104.80888,32.00522],[104.81034,32.00695],[104.81122,32.00763],[104.81178,32.00755],[104.81317,32.00694],[104.81385,32.00636],[104.81511,32.00498],[104.81808,32.00072],[104.81891,32.00001],[104.81991,31.99997],[104.82174,32.0003],[104.82331,32.00126],[104.82424,32.00203],[104.82429,32.00451],[104.82462,32.00507],[104.82475,32.00762],[104.82554,32.00879],[104.82643,32.00923],[104.82811,32.00932],[104.82885,32.00972],[104.83121,32.00923],[104.83223,32.01121],[104.8326,32.01269],[104.83326,32.01359],[104.83345,32.01446],[104.83311,32.01558],[104.83519,32.01552],[104.83602,32.01591],[104.83657,32.01732],[104.83687,32.01763],[104.83722,32.01847],[104.83752,32.01935],[104.8376,32.02034],[104.83863,32.02205],[104.84148,32.02279],[104.8424,32.0227],[104.8424,32.02461],[104.84264,32.02743],[104.8428,32.02771],[104.84278,32.0289],[104.84245,32.02989],[104.84269,32.03065],[104.84452,32.03284],[104.8462,32.0337],[104.84646,32.03416],[104.84657,32.03502],[104.84688,32.03542],[104.84721,32.03564],[104.84896,32.03585],[104.84948,32.0365],[104.84886,32.03781],[104.84875,32.03882],[104.84944,32.04009],[104.84852,32.04133],[104.84842,32.04185],[104.84865,32.04236],[104.85014,32.04407],[104.85162,32.04474],[104.85356,32.04624],[104.85577,32.0469],[104.8592,32.04661],[104.8599,32.04454],[104.86004,32.04448],[104.86143,32.045],[104.86388,32.04513],[104.86626,32.04485],[104.86864,32.04481],[104.86973,32.04411],[104.8704,32.04399],[104.87148,32.0441],[104.87319,32.04503],[104.87527,32.04529],[104.87637,32.04572],[104.87709,32.0458],[104.87848,32.04643],[104.88084,32.04718],[104.88349,32.04865],[104.88392,32.04929],[104.88392,32.04988],[104.88376,32.05049],[104.88266,32.05158],[104.88273,32.05183],[104.88309,32.05208],[104.88565,32.05258],[104.88595,32.05289],[104.88599,32.0533],[104.88543,32.05474],[104.88556,32.0555],[104.88738,32.05578],[104.88936,32.05648],[104.89082,32.05664],[104.89173,32.05732],[104.89214,32.05786],[104.89248,32.05913],[104.89235,32.05988],[104.89193,32.06018],[104.89188,32.06097],[104.89235,32.06245],[104.89417,32.06507],[104.89517,32.06855],[104.89511,32.07039],[104.89334,32.07674],[104.88971,32.08349],[104.88922,32.08482],[104.88926,32.08895],[104.88887,32.09062],[104.88771,32.0937],[104.88662,32.09516],[104.88511,32.09651],[104.88407,32.09687],[104.88243,32.09713],[104.88127,32.09843],[104.88166,32.10073],[104.88229,32.10211],[104.88442,32.10272],[104.88479,32.10483],[104.88806,32.10876],[104.89336,32.11129],[104.89468,32.11211],[104.89654,32.1148],[104.89684,32.11565],[104.8969,32.11685],[104.8964,32.11956],[104.89633,32.12111],[104.89658,32.12231],[104.89689,32.1231],[104.89753,32.12405],[104.89845,32.12495],[104.89916,32.12601],[104.90079,32.12917],[104.90116,32.13019],[104.90135,32.13145],[104.90138,32.13385],[104.90162,32.13465],[104.90212,32.13521],[104.90441,32.13686],[104.90538,32.13734],[104.90956,32.14048],[104.91121,32.14153],[104.9136,32.14352],[104.91459,32.14452],[104.91638,32.14687],[104.91803,32.14929],[104.91941,32.15166],[104.92203,32.15461],[104.9228,32.15512],[104.92473,32.15592],[104.92674,32.15712],[104.9281,32.15743],[104.93366,32.15773],[104.93447,32.15798],[104.93591,32.16001],[104.93746,32.16311],[104.93772,32.16448],[104.93732,32.16936],[104.93948,32.173],[104.93943,32.17403],[104.93894,32.17491],[104.93573,32.17471],[104.93466,32.17483],[104.93414,32.1752],[104.93255,32.17873],[104.92999,32.18156],[104.92843,32.18275],[104.92726,32.18398],[104.9269,32.1852],[104.92717,32.18828],[104.92916,32.19052],[104.92967,32.19142],[104.93036,32.19346],[104.93061,32.19461],[104.92991,32.19737],[104.92991,32.19846],[104.93024,32.20006],[104.93164,32.20288],[104.93188,32.20391],[104.93262,32.20532],[104.93462,32.2102],[104.93449,32.21131],[104.93476,32.21204],[104.9348,32.21379],[104.93425,32.21628],[104.93303,32.21812],[104.93322,32.21954],[104.93312,32.21981],[104.93259,32.22053],[104.93204,32.22072],[104.93204,32.22091],[104.93348,32.22091],[104.93549,32.22136],[104.93656,32.22121],[104.93714,32.22203],[104.93782,32.22248],[104.93884,32.22375],[104.93965,32.22553],[104.94019,32.22585],[104.94169,32.22626],[104.94514,32.22783],[104.9473,32.22987],[104.94949,32.22953],[104.95194,32.2301],[104.9549,32.23128],[104.95591,32.23285],[104.95581,32.23503],[104.95538,32.23608],[104.95523,32.2374],[104.95522,32.23889],[104.95545,32.23946],[104.95673,32.24103],[104.95812,32.2419],[104.96048,32.24304],[104.96393,32.24424],[104.96702,32.24558],[104.96843,32.24565],[104.97063,32.2446],[104.97247,32.2453],[104.97537,32.24548],[104.97772,32.24532],[104.97917,32.24565],[104.98144,32.24512],[104.98304,32.24524],[104.98431,32.24513],[104.98527,32.24551],[104.98607,32.24618],[104.9893,32.24689],[104.99639,32.24766],[104.99829,32.24801],[105.00205,32.24992],[105.01279,32.25834],[105.01548,32.25914],[105.01852,32.26042],[105.02252,32.26135],[105.02441,32.26222],[105.03111,32.2646],[105.03301,32.26513],[105.03458,32.26674],[105.03407,32.27517],[105.03501,32.27987],[105.03759,32.28407],[105.03921,32.2858],[105.04063,32.28643],[105.04483,32.2876],[105.04943,32.28779],[105.05667,32.28799],[105.06263,32.28762],[105.06614,32.28781],[105.06891,32.28752],[105.07155,32.28765],[105.07283,32.28748],[105.0744,32.28663],[105.07473,32.28388],[105.07454,32.28319],[105.07528,32.28256],[105.07845,32.28246],[105.08257,32.2836],[105.0846,32.28699],[105.08588,32.28796],[105.08716,32.29003],[105.08695,32.29077],[105.08588,32.29289],[105.08614,32.29724],[105.08675,32.30056],[105.08775,32.30429],[105.08822,32.30497],[105.08937,32.30601],[105.09012,32.3063],[105.09187,32.30676],[105.09809,32.30625],[105.10301,32.30717],[105.10618,32.30861],[105.11023,32.30866],[105.11083,32.30935],[105.11273,32.31078],[105.11697,32.31095],[105.11947,32.31038],[105.12055,32.31033],[105.12257,32.31056],[105.12379,32.31038],[105.12925,32.31021],[105.13889,32.30779],[105.14152,32.30774],[105.14341,32.30733],[105.14611,32.30642],[105.14772,32.30641],[105.15034,32.3079],[105.15156,32.30808],[105.15547,32.30709],[105.15695,32.30617],[105.16019,32.30605],[105.16241,32.30502],[105.16483,32.30433],[105.16786,32.30484],[105.16895,32.30484],[105.17285,32.30391],[105.17581,32.30283],[105.17769,32.30264],[105.17891,32.30293],[105.18638,32.30561],[105.19467,32.30692],[105.19616,32.30709],[105.19811,32.30708],[105.20141,32.30759],[105.20269,32.30702],[105.20464,32.30672],[105.20882,32.30684],[105.21064,32.30883],[105.21172,32.31038],[105.21334,32.3121],[105.21537,32.31352],[105.21631,32.31467],[105.21887,32.31604],[105.22224,32.31718],[105.22871,32.31901],[105.23573,32.31923],[105.24341,32.32054],[105.2476,32.32049],[105.24848,32.32002],[105.25077,32.31733],[105.25165,32.31561],[105.25482,32.31103],[105.25616,32.30822],[105.25644,32.30713],[105.25684,32.30479],[105.25636,32.30255],[105.25495,32.30067],[105.25096,32.29786],[105.2424,32.29106],[105.24082,32.28928],[105.23806,32.28741],[105.23815,32.28713],[105.23944,32.28589],[105.24346,32.27988],[105.2469,32.27759],[105.24993,32.27587],[105.25068,32.27524],[105.25087,32.27466],[105.25174,32.27323],[105.25256,32.27255],[105.25438,32.27164],[105.25505,32.27163],[105.25604,32.27274],[105.26489,32.27674],[105.26692,32.27783],[105.26783,32.27807],[105.2685,32.27807],[105.26932,32.27776],[105.27061,32.27661],[105.26842,32.26761],[105.26908,32.26667],[105.2709,32.26604],[105.27052,32.26523],[105.27036,32.26436],[105.27056,32.26305],[105.26687,32.25787],[105.26666,32.25628],[105.2659,32.25345],[105.25922,32.24544],[105.25648,32.24174],[105.25281,32.23628],[105.25347,32.23538],[105.25664,32.23229],[105.26048,32.22949],[105.26129,32.22874],[105.2621,32.22736],[105.26237,32.2261],[105.26223,32.22518],[105.26135,32.22404],[105.26034,32.22335],[105.25954,32.22301],[105.25582,32.22238],[105.25306,32.2209],[105.24908,32.21929],[105.24719,32.21798],[105.24442,32.21466],[105.24216,32.21043],[105.24417,32.20976],[105.24452,32.20932],[105.24399,32.20534],[105.24372,32.20502],[105.24339,32.20494],[105.24171,32.20485],[105.24039,32.20428],[105.24039,32.20387],[105.24056,32.20359],[105.24147,32.20304],[105.24539,32.20188],[105.24609,32.20109],[105.24622,32.20011],[105.24643,32.19962],[105.24676,32.19933],[105.24724,32.19944],[105.24854,32.20117],[105.24971,32.20187],[105.2532,32.20278],[105.25456,32.20252],[105.25634,32.20142],[105.2574,32.20112],[105.25964,32.19994],[105.2615,32.1999],[105.26387,32.19858],[105.26476,32.19773],[105.26476,32.19689],[105.26287,32.19484],[105.26298,32.19421],[105.26335,32.19395],[105.26655,32.19352],[105.26865,32.19247],[105.26958,32.19255],[105.27044,32.19599],[105.27092,32.19616],[105.27135,32.19573],[105.27308,32.19319],[105.27301,32.19183],[105.27113,32.18714],[105.26887,32.18505],[105.26071,32.17554],[105.25252,32.17023],[105.25134,32.16884],[105.25133,32.16814],[105.25168,32.16722],[105.25582,32.1643],[105.25618,32.16374],[105.26056,32.1598],[105.26338,32.15641],[105.26446,32.15481],[105.265,32.15452],[105.26689,32.15435],[105.26905,32.15508],[105.27508,32.15598],[105.27767,32.15314],[105.27589,32.14967],[105.27575,32.14865],[105.27588,32.14766],[105.27613,32.14714],[105.27675,32.14679],[105.27934,32.14412],[105.28001,32.1439],[105.28186,32.14384],[105.28381,32.14274],[105.28422,32.14222],[105.28429,32.14071],[105.28558,32.14008],[105.28571,32.13979],[105.28524,32.13909]]],[[[104.58033,31.73644],[104.58299,31.73681],[104.58465,31.73472],[104.58616,31.73323],[104.58445,31.73177],[104.58204,31.73068],[104.57955,31.73257],[104.57947,31.73527],[104.58033,31.73644]]],[[[104.5599,31.74985],[104.56325,31.74788],[104.56187,31.74584],[104.55851,31.74562],[104.55504,31.74571],[104.55269,31.74694],[104.55212,31.74837],[104.5528,31.75013],[104.55461,31.75113],[104.55636,31.75115],[104.5599,31.74985]]]]}}]}